Document,Product
ABZ9AB54776,A38HH0
ABZ9AB57MMZ,H2C8AZ
ABZ9AB57MMZ,HC88ZA
ABZ9AB57MMZ,HA2028
ABZ9AB57MMZ,H8Z99C
ABZ9AB57MMZ,H8821A
ABZ9AB5755AB,H2C8HA
ABZ9AB5755AB,H2C8AZ
ABZ9AB5755AB,HC88ZA
ABZ9AB5755AB,H8C133
ABZ9AB5755AB,A0HC01
ABZ9AB5755AB,A10Z23
ABZ9AB5755AB,A1C3C8
ABZ9AB5755AB,A1Z223
ABZ9AB5755AB,A1Z3CH
ABZ9AB5755AB,A330A8
ABZ9AB5755AB,A3A3H1
ABZ9AB57M86,A0ZZCA
ABZ9AB57M86,A09089
ABZ9AB57M86,A1399C
ABZ9AB57M86,A1C3C8
ABZ9AB57M86,A1Z1HA
ABZ9AB57M86,A1Z223
ABZ9AB57M86,A1Z3CH
ABZ9AB57Z45,H83AHA
ABZ9AB57Z45,H93033
ABZ9AB57Z45,A338H1
ABZ9AB57Z45,A3ZC31
ABZ9AB57Z45,A3A3H1
ABZ9AB57Z45,A3A393
ABZ9AB57Z45,A3A393
ABZ9AB57Z45,A389C2
ABZ9AB57Z45,A389C2
ABZ9AB57Z45,ACZHZH
ABZ9AB68ZZZ,A3H119
ABZ9AB7Z366,HAAHH8
ABZ9AB7Z366,HA8ZCA
ABZ9AB7Z366,H8380Z
ABZ9AB7Z366,H989Z3
ABZ9AB7Z33M,H29HH8
ABZ9AB7Z33M,HHZH31
ABZ9AB7Z33M,HA90A2
ABZ9AB7Z33M,H9H8C0
ABZ9AB7Z33M,H989Z3
ABZ9AB7Z33M,A0H318
ABZ9AB7Z33M,A3C93H
ABZ9AB7Z33M,A3890Z
ABZ9AB7Z35AB,H29A12
ABZ9AB7Z35AB,H83ACH
ABZ9AB7Z35AB,A0CAZ1
ABZ9AB7Z35AB,A3H933
ABZ9AB7Z35AB,ACZ029
ABZ9AB7Z363,H39A38
ABZ9AB7Z363,H83ACH
ABZ9AB7Z363,A338HC
ABZ9AB7Z363,A3C93H
ABZ9AB7Z363,A3C93A
ABZ9AB74AB7M,A38HH0
ABZ9AB77AB7AB,H83AHA
ABZ9AB77AB7AB,H83AHA
ABZ9AB7565Z,H3989H
ABZ9AB85ABMZ,H2C8A0
ABZ9AB8ABABM9,ACC0H0
ABZ9AB8799Z,H2C8A1
ABZ9AB8799Z,H2C8A1
ABZ9AB8799Z,H2C8A1
ABZ9AB8799Z,H2C8A1
ABZ9AB8799Z,H2C8A1
ABZ9AB8799Z,H2C8A1
ABZ9AB88ZZ6,H2C8A1
ABZ9AB88ZZ6,H2C8A1
ABZ9AB87876,A1Z2H0
ABZ9AB8597AB,A3A3Z9
ABZ9AB87965,H2C8HZ
ABZ9AB87965,H2C8HZ
ABZ9AB87965,H2C8HZ
ABZ9AB945Z4,ACC1ZC
ABZ9AB9M998,HAAHH8
ABZ9AB9MM68,ACC1ZC
ABZ9AB9M9M5,A13H0
ABZ9AB9M9M5,HHZH31
ABZ9AB9M9M5,HAAHH8
ABZ9AB9M9M5,HA8ZCA
ABZ9AB9M9M5,H83ACH
ABZ9AB9M9M5,H8823A
ABZ9AB9M9M5,H9H8C0
ABZ9AB9M9M5,A09ZC2
ABZ9AB9M9M5,A3H933
ABZ9AB97856,A1C038
ABZ9AB97856,A3C3ZZ
ABZ9AB979ABM,H23CA2
ABZ9AB979ABM,H2C8HA
ABZ9AB979ABM,HACCHC
ABZ9AB979ABM,H8Z99C
ABZ9AB979ABM,H8821A
ABZ9AB979ABM,H88229
ABZ9AB979ABM,A09089
ABZ9AB979ABM,A1Z221
ABZ9AB979ABM,A1Z22H
ABZ9AB979ABM,A33881
ABZ9AB979ABM,A3AC8C
ABZ9AB97886,H2C8HA
ABZ9AB97886,H8Z99C
ABZ9AB97886,H88229
ABZ9AB97886,H888H9
ABZ9AB97886,H9H8C0
ABZ9AB97886,A09089
ABZ9AB97886,A11Z3C
ABZ9AB97886,A1Z22H
ABZ9AB97886,A1Z3CH
ABZ9AB97886,A33881
ABZ9AB97886,A389C2
ABZ9AB97886,ACZHZH
ABZ9MZ657M,ZHH9ZA
ABZ9MZ657M,HCAHC9
ABZ9MZ657M,A1ZA20
ABZ9MZ657M,A29C39
ABZ9MZ657M,A3C302
ABZ9MZ657M,A3AC0H
ABZ9MZ6M98,A1Z2H0
ABZ9MZ6M98,A1ZA20
ABZ9MZ6M98,A1ZA21
ABZ9MZ6M98,AC0H11
ABZ9MZ73Z7,AC0CCH
ABZ9MABAB59Z,A1Z3CH
ABZ9MABABABZ4,H23CA2
ABZ9MABABABZ4,H9301Z
ABZ9MABABABZ4,A11A89
ABZ9MABABABZ4,A1Z1HA
ABZ9MABABABZ4,A3A393
ABZ9MABABABZ4,A3AC8C
ABZ9MAB8ZAB7,ZZACCZ
ABZ9MAB8ZAB7,H23CA2
ABZ9MAB8ZAB7,H39908
ABZ9MAB8ZAB7,HAA292
ABZ9MAB8ZAB7,H8100Z
ABZ9MAB8ZAB7,H8100Z
ABZ9MAB8ZAB7,H888H9
ABZ9MAB8ZAB7,H89038
ABZ9MAB8ZAB7,H9A0Z2
ABZ9MAB8ZAB7,A01A19
ABZ9MAB8ZAB7,A0HC01
ABZ9MAB8ZAB7,A1Z080
ABZ9MAB8ZAB7,A3C0Z1
ABZ9MAB8ZAB7,A3C10H
ABZ9MAB8ZAB7,A3A393
ABZ9MAB8ZAB7,A3AC8C
ABZ9MAB8ZAB7,AC0CCH
ABZ9MAB8ZAB9,AZ902
ABZ9MAB8ZAB9,H2C8A0
ABZ9MAB8ZAB9,H8821A
ABZ9MAB8ZAB9,A10Z23
ABZ9MAB8ZAB9,A1C038
ABZ9MAB8ZAB9,A1C3C8
ABZ9MAB8ZAB9,A1Z221
ABZ9MAB8ZAB9,A1Z223
ABZ9MAB8ZAB9,A1Z22H
ABZ9MAB8ZAB9,A3023H
ABZ9MAB8ZAB9,A33A82
ABZ9MAB8ZAB9,A33881
ABZ9MAB8ZAB9,A3A393
ABZ9MAB8ZAB9,ACZHZH
ABZ9MAB795M,AZ90H
ABZ9MAB795M,H2C0A2
ABZ9MAB795M,HA2028
ABZ9MAB795M,HAH9ZC
ABZ9MAB795M,H89038
ABZ9MAB795M,A0CAZ1
ABZ9MAB795M,A0H802
ABZ9MAB795M,A11Z3C
ABZ9MAB795M,A1C038
ABZ9MAB795M,A1C3C8
ABZ9MAB795M,A2HC02
ABZ9MAB795M,A33A82
ABZ9MAB795M,A338H1
ABZ9MAB795M,A3C3ZA
ABZ9MAB795M,A3AC8C
ABZ9MM3498,A13H0
ABZ9MM3498,HAAHH8
ABZ9MM3498,HA90A2
ABZ9MM3498,H9AAH0
ABZ9MM3498,H989Z3
ABZ9MM3498,A3C93H
ABZ9MM3M75,H9H8C0
ABZ9MM3M75,H9A29H
ABZ9MM3M75,A0CAZ1
ABZ9MM3M75,A09ZC2
ABZ9MM3M75,A32032
ABZ9MM3M75,A32032
ABZ9MM3M75,AC0CCH
ABZ9MM3M75,AC0CCH
ABZ9M34745,ACZHZH
ABZ9M4Z893,H3989H
ABZ9M4Z893,A1C911
ABZ9M4Z965,H83AHA
ABZ9M4Z965,H83AHA
ABZ9M4Z965,H83AHA
ABZ9M48ZMAB,A3C0Z1
ABZ9M48ZMAB,A39C33
ABZ9M48686,H39A3A
ABZ9M48ZZZ,H2C8A0
ABZ9M48ZZZ,H8CH1Z
ABZ9M48ZZZ,A3ZC31
ABZ9M48ZZZ,AC22H3
ABZ9M5M874,H39A38
ABZ9M5M874,H8A1C1
ABZ9M5M874,H9AAH0
ABZ9M5M874,A3C93H
ABZ9M5M874,ACC0H0
ABZ9M5M958,A082Z1
ABZ9M5M86M,H9H8C0
ABZ9M5M86M,H989Z3
ABZ9M5M86M,A0019C
ABZ9M5M86M,A09101
ABZ9M5M86M,A09ZC2
ABZ9M5M86M,A3C0Z1
ABZ9M5M86M,A3C93A
ABZ9M5M86M,ACC0H0
ABZ9M533Z3,H2C8HZ
ABZ9M533Z3,A2993A
ABZ9M533Z3,A330AA
ABZ9M533Z3,A3C2C3
ABZ9M68395,A3CH9A
ABZ9M68MM6,A3C209
ABZ9M68MAB8,A3C209
ABZ9M75AB69,H8822A
ABZ9M75AB69,A1C92A
ABZ9M75AB69,A33838
ABZ9M78694,H39HZC
ABZ9M78694,HC098H
ABZ9M78694,H8C133
ABZ9M78694,H888H9
ABZ9M78694,H9H8C0
ABZ9M78694,A10Z23
ABZ9M8ABABAB9,HA8ZCA
ABZ9M8ABABAB9,HA90A2
ABZ9M8ABABAB9,H8823A
ABZ9M8ABABAB9,A09101
ABZ9M8ABABAB9,A20Z92
ABZ9M8ABABAB9,A3ACC9
ABZ9M8ABABAB9,AC0CCH
ABZ9M78696,ZZACCZ
ABZ9M78696,H382CZ
ABZ9M78696,H39908
ABZ9M78696,HC098H
ABZ9M78696,HHC82Z
ABZ9M78696,H888H9
ABZ9M78696,A128Z1
ABZ9M78696,A1399C
ABZ9M78696,A1C038
ABZ9M78696,A1Z22H
ABZ9M78696,A1HC12
ABZ9M78696,A3A03A
ABZ9M78696,AC0CCH
ABZ9M78696,AC22H3
ABZ9M8ABZ75,H08C2C
ABZ9M8ABZ75,H39A38
ABZ9M8ABZ75,H9H8C0
ABZ9M8ABZ75,H9AC0A
ABZ9M8ABZ75,H9AAH0
ABZ9M8ABZ75,H989Z3
ABZ9M8ABZ75,A338HC
ABZ9M8ABZ75,A3C93H
ABZ9M8ABZ75,A3890Z
ABZ9M793Z8,H23CAC
ABZ9M793Z8,H300Z8
ABZ9M793Z8,HA90A3
ABZ9M793Z8,H83AHA
ABZ9M793Z8,A0ZZCA
ABZ9M793Z8,A2HC02
ABZ9M78695,A1Z3CH
ABZ9M78695,A2HCAA
ABZ9M78695,A338H1
ABZ9M78695,A3C3ZA
ABZ9M78695,A3ZC31
ABZ9M78695,A3A3H1
ABZ9M78695,AC0CCH
ABZ9M95ZZ3,ACC1ZC
ABZ9M97ABMAB,A3A8HC
ABZ93ZABZ78,ZHH9Z3
ABZ93ZABZ78,H2C8CH
ABZ93ZABZ78,A2993A
ABZ93Z958M,H8380Z
ABZ93Z958M,H9A29H
ABZ93Z958M,H9AC0A
ABZ93Z958M,H9AAH0
ABZ93Z958M,H989Z3
ABZ93Z958M,A0Z23C
ABZ93Z958M,A09ZC2
ABZ93Z9569,H29A11
ABZ93Z9569,H9H8C0
ABZ93AB4ABM9,H39HZC
ABZ93AB4ABM9,H9H8C0
ABZ93AB4ABM9,A0C2A9
ABZ93AB4ABM9,A0HC01
ABZ93AB4ABM9,A0H801
ABZ93AB4ABM9,A10Z23
ABZ93AB4ABM9,A1C038
ABZ93AB4ABM9,A21211
ABZ93AB4ABM9,AC0CCH
ABZ93AB4AB6Z,H382CZ
ABZ93AB4AB6Z,H39HZC
ABZ93AB4AB6Z,H39908
ABZ93AB4AB6Z,HC098H
ABZ93AB4AB6Z,HA2028
ABZ93AB4AB6Z,H888H9
ABZ93AB4AB6Z,H9A0Z2
ABZ93AB4AB6Z,A1Z1HA
ABZ93AB4AB6Z,A1Z223
ABZ93AB4AB6Z,A1Z22H
ABZ93AB4AB6Z,A1Z3CH
ABZ93AB4AB6Z,A33A82
ABZ93AB4AB6Z,A33881
ABZ93AB4AB96,ZZACCZ
ABZ93AB4AB96,HAA292
ABZ93AB4AB96,H8821A
ABZ93AB4AB96,A1Z23A
ABZ93AB4AB96,A2HCAA
ABZ93AB4AB96,A3C0Z1
ABZ93AB4AB96,A3A3H1
ABZ9339744,A11A89
ABZ9339744,A3C10H
ABZ9343569,H9A29H
ABZ9343569,A09ZC2
ABZ9343569,A1Z328
ABZ9343569,A338Z8
ABZ9343569,A3C93A
ABZ9343569,ACZ029
ABZ934355M,HC098H
ABZ934355M,A1CCC9
ABZ934355M,A21211
ABZ934355M,A33A82
ABZ934355M,A3C0Z1
ABZ934355M,A3A3H1
ABZ934355M,AC0CCH
ABZ934355M,ACC19H
ABZ9343553,H39HZC
ABZ9343553,HC098H
ABZ9343553,HAA292
ABZ9343553,H9A0Z2
ABZ9343553,A1Z223
ABZ9343553,A2HC02
ABZ9343553,A33A82
ABZ9343553,A33881
ABZ9343553,A3A393
ABZ9343553,AC0CCH
ABZ9343553,ACC19H
ABZ93434ZAB,H29A11
ABZ93434ZAB,H29A12
ABZ93434ZAB,H8380Z
ABZ93434ZAB,A09ZC2
ABZ93434ZAB,A3H933
ABZ93434Z3,H83C3C
ABZ93434Z3,H9H8C0
ABZ93434Z3,A0CAZ1
ABZ93434Z3,A0H318
ABZ93434Z3,A338HC
ABZ93434Z3,A389C3
ABZ93434Z4,H8823A
ABZ93434Z4,H9H8C0
ABZ93434Z4,H9AC0A
ABZ93434Z4,H989Z3
ABZ93434Z4,A0Z23C
ABZ93434Z4,A3C0Z1
ABZ93434Z4,A3890Z
ABZ93434Z4,A389C3
ABZ9359683,A10280
ABZ9359683,A1C92A
ABZ9359683,A3382H
ABZ9365M8M,H8C088
ABZ93653ZZ,A3C3C8
ABZ938AB363,A0ZZCA
ABZ938AB363,A1Z223
ABZ938AB363,A33A82
ABZ938AB363,A33908
ABZ938AB363,A33910
ABZ938AB363,A3A03A
ABZ938AB363,A3A393
ABZ938AB3M5,HAA292
ABZ938AB3M5,H9H8C0
ABZ938AB3M5,A0ZZCA
ABZ938AB3M5,A1Z21H
ABZ938AB3M5,A1Z223
ABZ938AB3M5,A1Z22H
ABZ938AB3M5,A2HCAA
ABZ938AB3M5,A3C3ZZ
ABZ938AB335,HHC82Z
ABZ938AB335,HAH9ZC
ABZ938AB335,A3C0Z1
ABZ938AB335,A389C2
ABZ938AB335,ACZHZH
ABZ938AB68Z,ZZACCZ
ABZ938AB68Z,HC88ZA
ABZ938AB68Z,HHC82Z
ABZ938AB68Z,A0ZZCA
ABZ938AB68Z,A128Z1
ABZ938AB68Z,A33910
ABZ938AB68Z,A3C0Z1
ABZ938AB68Z,A3A3H1
ABZ938943AB,A3C303
ABZ938943AB,ACZC89
ABZ93946ABAB,A1Z22H
ABZ93946ABAB,A3C3ZZ
ABZ939534AB,A1H2ZC
ABZ94Z958AB,HH9298
ABZ94Z958AB,A32121
ABZ94Z6849,H23CA2
ABZ94Z6849,H23CAC
ABZ94Z6849,H2C0A2
ABZ94Z6849,HC098H
ABZ94Z6849,H8C133
ABZ94Z6849,H8Z99C
ABZ94Z6849,A11A89
ABZ94Z6849,A1C3C8
ABZ94Z6849,A1CCC9
ABZ94Z6849,A1Z23A
ABZ94Z6849,A21C28
ABZ94Z6849,A2HCAA
ABZ94Z6849,A33908
ABZ94Z6849,A3C2CC
ABZ94Z6849,ACZHZH
ABZ94Z7AB33,H9H8C0
ABZ94Z7AB33,A3ACC9
ABZ94Z6787,H8CH1Z
ABZ94Z686Z,HACCHC
ABZ94Z687AB,AZ919
ABZ94Z687AB,H8821A
ABZ94Z687AB,A0CC93
ABZ94Z687AB,A1C3C8
ABZ94Z687AB,A1Z221
ABZ94Z687AB,A1Z328
ABZ94Z687AB,A1Z39Z
ABZ94Z687AB,A33A82
ABZ94Z687AB,A33881
ABZ94Z687AB,A3C13H
ABZ94Z687AB,A3C2CC
ABZ94Z687AB,A3A393
ABZ94Z69ZZ,HA90A2
ABZ94Z69ZZ,H989Z3
ABZ94Z69ZZ,A3C0Z1
ABZ94Z69ZZ,A3890Z
ABZ94Z6855,H8C11H
ABZ94Z6859,H23CA2
ABZ94Z6859,HA2028
ABZ94Z6859,HA2288
ABZ94Z6859,H8Z99C
ABZ94Z6859,A1399C
ABZ94Z6859,A1Z23A
ABZ94Z6859,A32121
ABZ94Z6859,A32121
ABZ94Z6859,A33A82
ABZ94Z6859,A38HH0
ABZ94Z6956,HA90A2
ABZ94Z6956,H83C3C
ABZ94Z6956,H8380Z
ABZ94Z6956,H9AAH0
ABZ94Z6956,A28H2H
ABZ94MMZ5Z,H0Z31H
ABZ94MMZ5Z,H2C8A3
ABZ94MMZ5Z,A10280
ABZ94MMZ5Z,A1C92A
ABZ94MMZ5Z,A1C928
ABZ94MMZ5Z,A3Z38C
ABZ9433ZABZ,A0ZZCZ
ABZ9433ZABAB,A0ZZCZ
ABZ9433ZZ9,A0ZZCZ
ABZ943AB736,H2C0A2
ABZ943AB736,H39HZC
ABZ943AB736,HC098H
ABZ943AB736,A0HC01
ABZ943AB736,A1Z328
ABZ943AB736,A2HC02
ABZ943AB736,A28Z98
ABZ943AB736,A33A82
ABZ943AB736,A3C0Z1
ABZ943AB736,AC0CCH
ABZ943AB736,ACZHZH
ABZ943AB7MAB,HC88ZA
ABZ943AB7MAB,HA2028
ABZ943AB7MAB,H8Z99C
ABZ943AB7MAB,A0ZZCA
ABZ943AB7MAB,A128Z1
ABZ943AB7MAB,A1Z328
ABZ94366AB9,HH81A2
ABZ943653Z,H9AAH0
ABZ943653Z,A28H2H
ABZ943653Z,A3C2CH
ABZ943653Z,A3ACC9
ABZ9436493,H29A11
ABZ9436493,A338HC
ABZ9436493,A3C2CH
ABZ9436493,A389C3
ABZ944M4M4,ACC1ZC
ABZ944848AB,A1C92A
ABZ944848AB,A18Z3Z
ABZ944848AB,A3C303
ABZ9454AB44,ZZACCZ
ABZ9454AB44,H39HZC
ABZ9454AB44,H888H9
ABZ9454AB44,A33908
ABZ9454AB44,A3A3H1
ABZ9454AB44,ACC19H
ABZ9454ABAB7,AZ902
ABZ9454ABAB7,AZ90H
ABZ9454ABAB7,H39HZC
ABZ9454ABAB7,H39HZC
ABZ9454ABAB7,HC098H
ABZ9454ABAB7,A33881
ABZ9454ABAB7,A3A3H1
ABZ9454ABAB7,ACZHZH
ABZ9454AB35,H300Z8
ABZ9454AB35,H39HZC
ABZ9454AB35,HHC8Z2
ABZ9454AB35,HA2028
ABZ9454AB35,A0ZZCA
ABZ9454AB35,A1Z328
ABZ9454AB35,A33A82
ABZ9454AB35,A3C0Z1
ABZ945949Z,H2C8H1
ABZ94595ZM,H8380Z
ABZ94595ZM,H8A1C1
ABZ94595AB7,HHZH31
ABZ94595AB7,H9A29H
ABZ94595AB7,H9AAH0
ABZ94595AB7,H99HC3
ABZ94595AB7,A09101
ABZ94595AB7,A1Z328
ABZ94595AB7,A20Z92
ABZ94595AB7,A28H2H
ABZ94595AB7,A338HC
ABZ94595AB8,H9A29H
ABZ94595AB8,A338Z8
ABZ94595AB8,A3H933
ABZ94595AB8,ACZ029
ABZ946947Z,A10280
ABZ946947Z,A1C92A
ABZ946947Z,A330H0
ABZ948M378,H39HZC
ABZ948M378,HC098H
ABZ948M378,HC88ZA
ABZ948M378,H8C133
ABZ948M378,H8821A
ABZ948M37M,H2C0A2
ABZ948M37M,H39HZC
ABZ948M37M,HC098H
ABZ948M37M,H8Z99C
ABZ948M37M,A10Z23
ABZ948M37M,A128Z1
ABZ948M37M,A21C28
ABZ948M37M,A3C0Z1
ABZ948M37M,A3C22H
ABZ948M37M,A3ZC31
ABZ948M37M,AC0CCH
ABZ94868ABZ,H9C8HZ
ABZ95ABZAB98,H39A3A
ABZ95AB44ABM,H39A38
ABZ95AB44ABM,HHZH31
ABZ95AB44ABM,HAAHH8
ABZ95AB44ABM,H9H8C0
ABZ95AB44ABM,H9AAH0
ABZ95AB44ABM,A20Z92
ABZ95AB44ABM,A3ACC9
ABZ95AB4394,H8823A
ABZ95AB4394,A09101
ABZ95AB4394,A338Z8
ABZ95AB4394,A3H920
ABZ95AB4384,H83C3C
ABZ95AB4384,H9A29H
ABZ95AB4384,H989Z3
ABZ95AB4384,A09ZC2
ABZ95AB4384,A338HC
ABZ95AB4384,A3H933
ABZ95AB4384,A389C3
ABZ95AB4974,HAAHH8
ABZ95AB4974,H9H8C0
ABZ95AB4974,A0Z2H9
ABZ95AB4974,A20Z92
ABZ95AB4974,A32032
ABZ95AB4974,A3C0Z1
ABZ95AB539AB,HA2028
ABZ95AB539AB,H8C133
ABZ95AB539AB,H88229
ABZ95AB539AB,A09089
ABZ95AB539AB,A1Z328
ABZ95AB539AB,A2HCAA
ABZ95AB536AB,ZZACCZ
ABZ95AB536AB,H23CAC
ABZ95AB536AB,H2C0A2
ABZ95AB536AB,H300Z8
ABZ95AB536AB,H39H3Z
ABZ95AB536AB,H39HZC
ABZ95AB536AB,H39A3A
ABZ95AB536AB,HC098H
ABZ95AB536AB,HHC82Z
ABZ95AB536AB,A2HC02
ABZ95AB543M,AZ90H
ABZ95AB543M,H23CA2
ABZ95AB543M,H2C0A2
ABZ95AB543M,H300Z8
ABZ95AB543M,H39HZC
ABZ95AB543M,H39A3A
ABZ95AB543M,H39908
ABZ95AB543M,HC098H
ABZ95AB543M,H88229
ABZ95AB543M,A0H801
ABZ95AB543M,A33908
ABZ95AB543M,A3C0Z1
ABZ95AB5477,HAA292
ABZ95AB5477,H8821A
ABZ95AB5477,H88229
ABZ95AB5477,A09089
ABZ95AB5477,A10Z23
ABZ95AB5477,A1Z1HA
ABZ95AB5477,A1Z328
ABZ95AB5477,A1Z3CH
ABZ95AB54Z8,AZ919
ABZ95AB54Z8,HC88ZA
ABZ95AB54Z8,A0ZZCA
ABZ95AB54Z8,A1Z3CH
ABZ95AB54Z8,A28H09
ABZ95AB54Z8,A338H1
ABZ95AB54Z8,A3C0Z1
ABZ95AB54Z8,A3C22H
ABZ95AB54Z8,A3C3C8
ABZ95AB54Z8,ACZHZH
ABZ95AB8MABM,A0Z23C
ABZ95AB8MABM,A3890Z
ABZ95M6676,A0302A
ABZ95M6676,A03032
ABZ95M6676,A1399Z
ABZ95M6676,A1C92A
ABZ95M6676,A330H0
ABZ95M6676,A3AC0H
ABZ95M6859,H2C8Z0
ABZ95M6859,A0302A
ABZ95M6859,A1399Z
ABZ95M6859,A1C911
ABZ95M6859,A1C92A
ABZ95M6859,A1C928
ABZ95M6859,A2C332
ABZ95M6859,ACC80H
ABZ95M6859,AC8CA9
ABZ95M3485,A338Z8
ABZ95M3485,A338Z8
ABZ9533AB75,H2C8HZ
ABZ9533M73,HC88ZA
ABZ9537973,ZZACCZ
ABZ9537973,H23CA2
ABZ9537973,HC88ZA
ABZ9537973,HHC8Z2
ABZ9537973,H8CH1Z
ABZ9537973,H8Z99C
ABZ9537973,A0ZZCA
ABZ9537973,A1C3C8
ABZ9537973,A1Z330
ABZ9537973,A1Z3CH
ABZ9537973,A28Z98
ABZ9537973,A3C0Z1
ABZ9537973,A3C13H
ABZ9537973,A3890Z
ABZ9537973,ACC19H
ABZ9537984,H39HZC
ABZ9537984,HC88ZA
ABZ9537984,H8Z99C
ABZ9537984,H9A0Z2
ABZ9537984,A0ZA2H
ABZ9537984,A11Z32
ABZ9537984,A1Z23A
ABZ9537984,A1Z328
ABZ9537984,A2HCAA
ABZ9537984,A330A8
ABZ9537984,A33A82
ABZ954AB4MM,A13H0
ABZ954AB4MM,H39A38
ABZ954AB4MM,H9A29H
ABZ954AB4MM,H9AAH0
ABZ954AB4MM,A0019C
ABZ954AB4MM,A09ZC2
ABZ954AB4MM,A338HC
ABZ954AB4MM,ACCC08
ABZ9543479,HH9298
ABZ954AB395,A09ZC2
ABZ954AB395,A3C0Z1
ABZ954AB395,A3C93H
ABZ954AB395,A3H933
ABZ9554AB5Z,HA8ZCA
ABZ9554AB5Z,H9C8HZ
ABZ9554AB5Z,H989Z3
ABZ9554AB5Z,H99HC3
ABZ9554AB5Z,ACC39Z
ABZ9554AB48,H9H8C0
ABZ9554AB48,ACC39Z
ABZ956ABZABM,A21211
ABZ957MZ45,HH8982
ABZ957MZ45,A0ZZ8Z
ABZ957MZ45,A2193H
ABZ957MZ45,A3389C
ABZ957MZ45,A3C28Z
ABZ957Z6M9,H39A38
ABZ957Z6M9,A09101
ABZ957Z6M9,A09101
ABZ957Z6M9,A09ZC2
ABZ957Z6M9,A3C0Z1
ABZ957Z6M9,AC89C2
ABZ957Z58M,A338Z8
ABZ957Z58M,A338Z8
ABZ957Z58M,A338Z8
ABZ957Z58M,A338Z8
ABZ957Z58M,A338Z8
ABZ957Z58M,A338Z8
ABZ957Z58M,A338Z8
ABZ957Z58M,A338Z8
ABZ957Z469,H8893Z
ABZ957Z469,H8893Z
ABZ957Z6AB6,H39A38
ABZ957Z6AB6,H9H8C0
ABZ957Z6AB6,H9A29H
ABZ957Z6AB6,A3H920
ABZ957Z578,A28H2H
ABZ957563Z,H39HZC
ABZ957563Z,HC88ZA
ABZ957563Z,HHC8Z2
ABZ957563Z,H8CH1Z
ABZ957563Z,H8821A
ABZ957563Z,A1C3C8
ABZ957563Z,A2HC02
ABZ957563Z,A28Z98
ABZ957563Z,A3A393
ABZ957563Z,AC0CCH
ABZ9583867,A13032
ABZ9583867,A1399Z
ABZ9583867,A1C92A
ABZ9583867,A330H0
ABZ9583867,A3H2CH
ABZ9583867,ACC80H
ABZ9583857,A1399Z
ABZ9583857,A1C92A
ABZ9583857,A1C928
ABZ9583857,A3C108
ABZ9583857,A3AC0H
ABZ9584Z96,A1Z328
ABZ9584Z96,A3ACC9
ABZ9584Z96,AC0CCH
ABZ9584Z96,ACCC08
ABZ9583M87,A0302A
ABZ9583M87,A13032
ABZ9583M87,A1399Z
ABZ9583M87,A28H1C
ABZ9583M87,A330H0
ABZ959Z948,A21211
ABZ95887AB9,A1H2ZC
ABZ95943Z7,H39HZC
ABZ95943Z7,HAA292
ABZ95943Z7,H8C133
ABZ95943Z7,H8CH1Z
ABZ95943Z7,A0C2A9
ABZ959433Z,ZZAC23
ABZ959433Z,HHC82Z
ABZ959433Z,H8821A
ABZ959433Z,A0H801
ABZ959433Z,A1C3C8
ABZ959433Z,A1Z328
ABZ959433Z,A2HCAA
ABZ959433Z,AC22H3
ABZ9595ABM8,A3C0Z1
ABZ9595ABM8,A3C3C8
ABZ9595ABM8,A3A3H1
ABZ9595ABM8,A3A393
ABZ9594598,A330A8
ABZ9594598,A33A82
ABZ9594598,A33881
ABZ9594598,A33910
ABZ9594598,A3C0Z1
ABZ9594598,A3C13H
ABZ96ZZZ73,20A13C
ABZ96ZZZ73,HC8100
ABZ96ZZZ73,HC8100
ABZ96ZZZ73,A0H132
ABZ96ZZZ73,A1Z11H
ABZ96ZZZ73,A2193H
ABZ96Z5Z38,HACCHC
ABZ96Z5Z44,HAAHH8
ABZ96Z494AB,H8823A
ABZ96Z494AB,H9H8C0
ABZ96Z494AB,H9A29H
ABZ96Z494AB,H989Z3
ABZ96Z494AB,A1Z328
ABZ96Z494AB,A3C0Z1
ABZ96Z494AB,A3H933
ABZ96Z494AB,AC0CCH
ABZ96Z49AB5,HH81C8
ABZ96Z49AB5,HH81C8
ABZ96Z4349,H29HH8
ABZ96Z4349,H9H8C0
ABZ96Z4349,A09101
ABZ96Z4349,A389C3
ABZ96Z4349,ACHH2H
ABZ96Z5ZABM,H2C8H1
ABZ96Z4358,A338Z8
ABZ96Z4358,A338Z8
ABZ96Z4745,HA90A2
ABZ96Z4745,H8A1C1
ABZ96Z4745,H9A29H
ABZ96Z4745,H9AC0A
ABZ96Z4745,H989Z3
ABZ96Z4745,A0CAZ1
ABZ96Z4745,A1Z328
ABZ96Z4745,A3H933
ABZ96Z4745,A389C3
ABZ96Z4745,AC0CCH
ABZ96Z8593,H08C2C
ABZ96Z8593,H83C3C
ABZ96Z8593,H8823A
ABZ96Z8593,H9A29H
ABZ96Z8593,A0Z2H9
ABZ96Z8593,A09101
ABZ96ABMM47,A1ZA20
ABZ96MAB875,ACC203
ABZ96M746M,ZZACCZ
ABZ96M746M,H23CA2
ABZ96M746M,H23CAC
ABZ96M746M,H2C8HA
ABZ96M746M,H39HZC
ABZ96M746M,HC88ZA
ABZ96M746M,HA2288
ABZ96M746M,H8C133
ABZ96M746M,H8Z99C
ABZ96M746M,H9A0Z2
ABZ96M7477,H8821A
ABZ96M7477,H88229
ABZ96M7477,A0ZA2H
ABZ96M7477,A09089
ABZ96M7477,A1Z132
ABZ96M7477,A1Z39Z
ABZ96M7477,A33A82
ABZ96M7477,A39C33
ABZ96M749Z,AZ919
ABZ96M749Z,A1Z223
ABZ96M749Z,A1Z23A
ABZ96M749Z,A3A3H1
ABZ96M749Z,A39C33
ABZ96M749Z,AC8Z0C
ABZ9634AB85,H8HC3A
ABZ9634AB8AB,A0ZZ8Z
ABZ9634AB8AB,A0H132
ABZ9634AB8AB,A3C28Z
ABZ964AB893,A3382H
ABZ964AB893,AC0999
ABZ964AB893,ACC130
ABZ964AB893,ACC1C9
ABZ964AB893,ACC1ZH
ABZ964AB893,ACC203
ABZ964M8M8,A3890Z
ABZ964M8M8,A39C33
ABZ964M8M8,ACAA0A
ABZ964MAB45,A330H0
ABZ964MAB45,A3C302
ABZ964MAB45,AC0999
ABZ964MAB45,ACC130
ABZ964MAB45,ACC1C9
ABZ964MAB45,ACC1ZH
ABZ964MAB45,ACC203
ABZ965MAB7Z,AC89C2
ABZ965MAB94,AC89C2
ABZ965MAB9Z,AC89C2
ABZ965MAB9M,AC89C2
ABZ9657336,A0ZZCA
ABZ9657336,A338H1
ABZ9657336,A33881
ABZ9657336,A3A3H1
ABZ9657336,AC22H3
ABZ9657336,ACAZ9H
ABZ9657796,A13H0
ABZ9657796,HA90A2
ABZ9657796,H8380Z
ABZ9657796,H9H8C0
ABZ96599M8,H83AHA
ABZ96599M8,A1Z223
ABZ96573MM,ZZACCZ
ABZ96573MM,H23CA2
ABZ96573MM,H39HZC
ABZ96573MM,HC098H
ABZ96573MM,HA2288
ABZ96573MM,HAA292
ABZ96573MM,H8C133
ABZ96573MM,H8821A
ABZ96573MM,A0H802
ABZ96573MM,A1Z132
ABZ96573MM,A1Z330
ABZ96573MM,AC03C8
ABZ96573MM,AC03Z0
ABZ96573MM,AC03Z1
ABZ9659Z4AB,A3CHAH
ABZ9657754,H29HH8
ABZ9657756,H8A1C1
ABZ9657756,H9A29H
ABZ9657756,H9AAH0
ABZ9657756,A0H318
ABZ9657756,A20Z92
ABZ9657756,A32032
ABZ966484Z,HH8982
ABZ966484Z,A0H132
ABZ966484Z,A3C109
ABZ967Z38M,A101A3
ABZ967Z38M,A1019C
ABZ967Z38M,A1C928
ABZ967Z38M,A33838
ABZ967Z38M,A3AC0H
ABZ9668339,A2193H
ABZ967Z496,A2993A
ABZ967Z496,A3CA0H
ABZ967Z496,A3A3Z9
ABZ9675593,A21C28
ABZ9684ZM4,ACZ2C2
ABZ9684Z5Z,ACZ2C2
ABZ9684Z5Z,ACZ299
ABZ9684Z5Z,ACZ301
ABZ9684Z5Z,ACZ303
ABZ9684Z5Z,ACZCZ9
ABZ9684Z5Z,ACZCH1
ABZ9685845,HA8ZCA
ABZ9685845,H8380Z
ABZ9685845,H9H8C0
ABZ9685845,H9AC0A
ABZ9685845,A0019C
ABZ9685845,ACZ029
ABZ9685833,AC0CCH
ABZ9685833,ACC39Z
ABZ96858AB5,A082Z1
ABZ968896AB,A09CCA
ABZ968584AB,H8380Z
ABZ968584AB,H8823A
ABZ968584AB,A0Z23C
ABZ968584AB,A0Z2H9
ABZ968584AB,A3H920
ABZ968584AB,A3H933
ABZ968744M,A11Z33
ABZ9687655,A0H802
ABZ9687655,A1HC12
ABZ969M3Z5,ZZACCZ
ABZ969M3Z5,H23CAC
ABZ969M3Z5,A0ZZCA
ABZ969M3Z5,A1C038
ABZ969M3Z5,AC10HZ
ABZ969M3Z5,AC10AZ
ABZ969M3Z5,ACC131
ABZ969M3Z5,ACC13C
ABZ969M3Z5,ACC1CH
ABZ969M3Z5,ACC1Z0
ABZ969M3Z5,ACC1ZA
ABZ969M3Z5,ACC1A3
ABZ969M3Z5,ACC18A
ABZ969M3Z5,ACHH8A
ABZ969M3Z5,AZ0C28
ABZ969MM7Z,H83AHA
ABZ969MM7Z,AZ0C28
ABZ969M85AB,H29HHH
ABZ969M85AB,HH8982
ABZ969M85AB,A1C3AA
ABZ969M85AB,A3C109
ABZ969M639,A01A19
ABZ969M639,A09089
ABZ969M639,A1C3C8
ABZ969M639,A1Z080
ABZ969M639,A1Z132
ABZ969M639,A1Z1HA
ABZ969M639,A1Z328
ABZ969M639,A28Z98
ABZ969M639,A3C0Z1
ABZ969M639,A3A3H1
ABZ969M639,A3A393
ABZ969M639,ACAHCH
ABZ969M639,AZ0C28
ABZ96998Z4,A09CCA
ABZ97ZM4Z7,A03032
ABZ97ZM4Z7,A1C92A
ABZ97Z765M,HC098H
ABZ97Z765M,A1Z21H
ABZ97Z765M,ACAHZZ
ABZ97MAB5AB6,H29A12
ABZ97MZ655,HC88ZA
ABZ97MZ655,A0ZZCA
ABZ97MZ655,A3C10H
ABZ97MZ655,ACZZ2C
ABZ97MZ6M6,H93033
ABZ97MZ6M6,A1Z080
ABZ97MZ6M6,A1Z221
ABZ97MZ6M6,A1Z223
ABZ97MZ6M6,A1Z23A
ABZ97MZ6M6,A33908
ABZ97AB96ABZ,H8C133
ABZ97AB96ABZ,H8821A
ABZ97AB96ABZ,A0HC01
ABZ97AB96ABZ,A128Z1
ABZ97AB96ABZ,A2HC02
ABZ97AB96ABZ,A33908
ABZ97AB96ABZ,ACZ1Z9
ABZ97MAB538,A09101
ABZ97MAB538,A11Z33
ABZ97MAB538,A3H933
ABZ97MAB538,AC0CCH
ABZ97MAB538,ACH0ZA
ABZ97MAB538,ACH0AC
ABZ97MZ7Z6,H9A0Z2
ABZ97MZ7Z6,A0HC01
ABZ97MZ7Z6,A10Z23
ABZ97MZ7Z6,A1C3C8
ABZ97MZ7Z6,A3C0Z1
ABZ97MZ7Z6,A3A393
ABZ97MZ7Z6,AC0CCH
ABZ97MZ7Z6,ACC22Z
ABZ97MZ7Z6,ACC933
ABZ97AB96ABAB,H8821A
ABZ97AB96ABAB,A0ZZCA
ABZ97AB96ABAB,A21211
ABZ97AB96ABAB,A2HC02
ABZ97AB96ABAB,A28Z98
ABZ97AB96ABAB,A330A8
ABZ973Z439,AC0CCH
ABZ973Z746,A23300
ABZ973Z7MM,H8C1AC
ABZ973Z7M8,H8C1AC
ABZ9737784,ZHH9Z3
ABZ9737784,A03032
ABZ9737784,A09CCA
ABZ9737784,A33838
ABZ9737784,AZ21Z8
ABZ9738864,A0CC93
ABZ9738864,A1Z21H
ABZ9738496,HC8100
ABZ9738496,A0H132
ABZ9737754,A1C03C
ABZ9737754,A33838
ABZ9737754,ACZ210
ABZ9737754,AZ21Z8
ABZ97378AB4,AC0CCH
ABZ97378AB4,ACHH89
ABZ9747676,ACCC1H
ABZ975ZMAB6,ACZHZH
ABZ975ZMAB6,AZ0C28
ABZ975Z534,A3AC02
ABZ975Z493,H83C3C
ABZ975Z493,A0CAZ1
ABZ975Z493,A09ZC2
ABZ975Z493,A11Z33
ABZ975Z493,A338HC
ABZ975Z493,A3890Z
ABZ975ZM8AB,H8CH1Z
ABZ975ZM8AB,A1Z223
ABZ975ZM8AB,A1Z328
ABZ975ZM8AB,A330A8
ABZ975ZM8AB,A3C3C8
ABZ975ZM8AB,A3A3H1
ABZ975ZM8AB,ACAZ9H
ABZ975ZM43,AZ919
ABZ975ZM43,H39908
ABZ975ZM43,H8C133
ABZ975ZM43,H8CH1Z
ABZ975ZM43,H8Z99C
ABZ975ZM43,H888H9
ABZ975ZM43,H89038
ABZ975ZM43,A21211
ABZ975ZM43,ACZ028
ABZ975ZM43,ACZHZH
ABZ975Z5M5,H99HC3
ABZ975Z5M5,A3H933
ABZ975Z5M5,A3890Z
ABZ975Z5M5,AC0CCH
ABZ975Z5M5,ACHH2H
ABZ975Z36AB,H23CA2
ABZ975Z36AB,HACCHC
ABZ975Z36AB,H93033
ABZ975Z36AB,A0ZZCA
ABZ975Z36AB,A09089
ABZ975Z36AB,A10Z23
ABZ975Z36AB,A1C3C8
ABZ975Z36AB,A3C2CC
ABZ975Z36AB,A3890Z
ABZ975Z36AB,ACC81A
ABZ975Z5AB5,H9AAH0
ABZ975Z5AB5,A0H318
ABZ975Z5AB5,A09101
ABZ975Z5AB5,A3890Z
ABZ975Z5AB5,AC0CCH
ABZ975Z5AB5,ACCC08
ABZ975Z343,A3Z3A2
ABZ975Z343,ACZHZH
ABZ975Z343,ACH08A
ABZ97548AB8,HACCHC
ABZ97548AB8,H83AHA
ABZ97548AB8,A0ZZCA
ABZ97548AB8,A1C3C8
ABZ9765679,A1C928
ABZ9765679,AZ1C21
ABZ9765679,AZ1C2C
ABZ9765679,AZ1CZA
ABZ9768MZ3,AZ21Z8
ABZ9774373,ACAZ9Z
ABZ978MM6M,A1Z2H0
ABZ9783M9Z,A0ZZCA
ABZ9783M9Z,A09089
ABZ9783M9Z,A10Z23
ABZ9783M9Z,A33A82
ABZ97833ZM,A1C038
ABZ97833ZM,A1HC12
ABZ97833ZM,A3A3H1
ABZ97833ZM,A3890Z
ABZ97833ZM,ACZ11A
ABZ97833ZM,ACZ118
ABZ97833ZM,ACZ119
ABZ9783M87,H2C8HA
ABZ9783M87,HH9298
ABZ9783M87,H83C3C
ABZ9783M87,A338H1
ABZ9783M87,A33910
ABZ9783579,A2HC02
ABZ9783579,A33881
ABZ9783579,A3ZC31
ABZ9783579,A3A393
ABZ9783579,AC8Z03
ABZ97875AB7,H882ZC
ABZ97875AB7,A10H29
ABZ97875AB7,A2193H
ABZ97875AB7,A3C209
ABZ97875ABZ,H29HHH
ABZ97875ABZ,HH8982
ABZ97875ABZ,H9A1A9
ABZ97875ABZ,H9A3C1
ABZ97875ABZ,A0ZZA8
ABZ9788Z36,AZ21Z8
ABZ97997Z6,H8C088
ABZ98Z5755,A3C13H
ABZ98ABM595,H8893Z
ABZ98ABM595,AC0CCH
ABZ98ABZ775,HC88ZA
ABZ98AB3AB6Z,H29HHH
ABZ98AB3AB6Z,HH8982
ABZ98AB3AB7AB,H882ZC
ABZ98AB3AB7AB,H9A3C1
ABZ98AB3AB7AB,A0ZZA8
ABZ98AB3AB7AB,A2193H
ABZ98AB3AB8AB,H29HHH
ABZ98AB3AB8AB,HC8100
ABZ98AB3AB8AB,H8HC3A
ABZ98AB3AB8AB,A10H29
ABZ98AB3AB8AB,A1C0AZ
ABZ98AB3AB8AB,A1Z11H
ABZ98AB3AB8AB,A28H02
ABZ98ABZ836,ZZACCZ
ABZ98ABZ836,H39HZC
ABZ98ABZ836,HHC82Z
ABZ98ABZ836,H8Z99C
ABZ98ABZ836,A0H802
ABZ98ABZ836,ACZ2C2
ABZ98ABZ848,H1C01H
ABZ98ABZ848,HCACZ9
ABZ98ABZ848,H83C3C
ABZ98ABZ848,H8CH1Z
ABZ98ABZ848,A1CCC9
ABZ98ABZ848,A1Z328
ABZ98ABZ848,A1Z330
ABZ98ABZ848,A1Z39Z
ABZ98ABZ848,ACHHZA
ABZ98ABZ848,ACAHCH
ABZ98ABZ848,ACAHZZ
ABZ98ABZ848,ACAA0A
ABZ98ABM6Z9,H8893Z
ABZ98ABM6Z9,A338Z8
ABZ98ABM593,HH81A2
ABZ98ABM654,H9AAH0
ABZ98ABM654,A09ZC2
ABZ98ABM654,AC0CCH
ABZ98ABM654,ACHZA9
ABZ98ABZ868,H23CA2
ABZ98ABZ868,H83AHA
ABZ98ABZ868,A1C3C8
ABZ98ABZ868,A3023H
ABZ98ABM66AB,A09ZC2
ABZ98ABM66AB,A09H0Z
ABZ98ABM66AB,A3199C
ABZ98ABM66AB,A32032
ABZ98ABM66AB,A321Z9
ABZ98ABM66AB,AC0CCH
ABZ98ABM66AB,AC0ZA0
ABZ98ABM66AB,ACHH2H
ABZ98AB3AB6AB,H81CZ3
ABZ98AB3AB6AB,H882ZC
ABZ98AB3AB6AB,H9A1A9
ABZ98AB3AB6AB,H9A3C1
ABZ98AB3AB6AB,A1Z11H
ABZ98AB3AB6AB,A3C109
ABZ98AB3AB6AB,AC2Z90
ABZ98ABZ776,H8C133
ABZ98ABM6Z4,A082Z1
ABZ983Z39M,H9301Z
ABZ983Z39M,H9301Z
ABZ983AB435,AZ21Z8
ABZ983AB434,AZ21Z8
ABZ983AB439,AZ21Z8
ABZ983783AB,HC8100
ABZ983783AB,H8HC3A
ABZ983783AB,A3389C
ABZ98376ABAB,H8821A
ABZ98376ABAB,ACCC1H
ABZ98376AB7,A21211
ABZ98376AB7,ACCC1H
ABZ98376AB7,ACZ18A
ABZ9837858,HC8100
ABZ9837858,HH8982
ABZ9837858,A0ZZCZ
ABZ9837858,A23300
ABZ9837836,H9303Z
ABZ9837836,H9A3C1
ABZ9837836,A1C0AZ
ABZ9837836,A3C109
ABZ984M636,H8821A
ABZ984M636,A33908
ABZ984M636,A3C0Z1
ABZ984M636,A3Z3A2
ABZ984M636,A3ZC01
ABZ984M636,A3A3H1
ABZ984M636,A3A393
ABZ984M636,A3890Z
ABZ984M636,ACAA0A
ABZ984M64AB,ACH3HH
ABZ984MAB6M,HH81C8
ABZ984M658,H83AHA
ABZ984M658,A3C0Z1
ABZ984M658,ACC930
ABZ984M658,ACC933
ABZ984M658,ACZ028
ABZ984M658,ACZZ2C
ABZ984M745,ZZACCZ
ABZ984M745,H39HZC
ABZ984M745,H39908
ABZ984M745,H8C133
ABZ984M745,A1Z3CH
ABZ984M745,AC8Z03
ABZ984M6Z5,A1Z223
ABZ984M6Z5,AZ0C28
ABZ984M6M3,H39HZC
ABZ984M6M3,HA2028
ABZ984M6M3,HA90A3
ABZ984M6M3,H8ZZH9
ABZ984M6M3,A0HC01
ABZ984M6M3,A10Z23
ABZ984M6M3,A1Z23A
ABZ9848979,H8C133
ABZ9848979,AC8Z03
ABZ9849Z85,A1Z21H
ABZ9849Z85,A2HC02
ABZ9849Z85,A33881
ABZ9849Z85,A3ZC31
ABZ9849Z85,A3A393
ABZ9849Z85,ACC1A3
ABZ986MM33,A1Z2H0
ABZ986494M,HCACZ9
ABZ9864938,H8CH1Z
ABZ9863AB6AB,H3989H
ABZ9869457,ZZ0298
ABZ9869457,A1Z330
ABZ9869457,A3C9Z8
ABZ987ABMMZ,H9303Z
ABZ987ABMMZ,A0ZZ8Z
ABZ987ABMMZ,A28H02
ABZ987ABMMZ,A33890
ABZ987ABMMZ,A3CCH9
ABZ987ABMMZ,AC2Z90
ABZ987ABMABAB,H29HHH
ABZ987ABMABAB,H8HC3A
ABZ987ABMABAB,A2193H
ABZ9869M9AB,AC0CCH
ABZ9869M9AB,ACHH2H
ABZ98747Z4,H8823A
ABZ98747Z4,H9AAH0
ABZ98747Z4,A09101
ABZ98747Z4,A20Z92
ABZ98747Z4,ACC9Z9
ABZ98747M8,ZZ0298
ABZ98747M8,HA8ZCA
ABZ98747M8,H9A29H
ABZ98747M8,H9AAH0
ABZ98747M8,H9AAH0
ABZ98747M8,A1Z330
ABZ98747M8,A338Z8
ABZ98747M8,AC0CCH
ABZ9874699,H8380Z
ABZ9874699,H9A29H
ABZ9874699,H9AC0A
ABZ9874699,A3890Z
ABZ9874699,AC0CCH
ABZ9879996,AZ90H
ABZ9879996,H2C0A2
ABZ9879996,H39H3Z
ABZ9879996,HA2028
ABZ9879996,HAA292
ABZ9879996,H8C133
ABZ9879996,H8ZZH9
ABZ9879996,A0HC01
ABZ988ZZ63,A1Z3CH
ABZ988ZZ63,A28Z98
ABZ988ZZ63,A330A8
ABZ988ZZ63,ACAHCH
ABZ988ZZ63,ACAHZZ
ABZ988ZZ39,H8Z99C
ABZ988ZZ39,H88229
ABZ988ZZ39,A10Z23
ABZ988ZZ39,A1C3C8
ABZ988ZZ39,A1Z132
ABZ988ZZ39,A2HCAA
ABZ988ZZ39,A33A82
ABZ988ZZ39,A3C0Z1
ABZ988ZZ76,AZ919
ABZ988ZZ76,ZZACCZ
ABZ988ZZ76,H23CA2
ABZ988ZZ76,H39HZC
ABZ988ZZ76,H39908
ABZ988ZZ76,A330A8
ABZ988ZZ76,A3C13H
ABZ988ZZ76,A3A3H1
ABZ988ZZ76,AC0CCH
ABZ988ZZ76,AC22H3
ABZ988ZZ8M,H39HZC
ABZ988ZZ8M,HHC8Z2
ABZ988ZZ8M,HA2028
ABZ988ZZ8M,HA2288
ABZ988ZZ8M,H88229
ABZ988ZZ8M,H9A0Z2
ABZ988ZZ8M,A11A89
ABZ988ZZ8M,A1Z23A
ABZ988ZZ8M,A1Z3CH
ABZ988ZZ8M,A28Z98
ABZ988ZZ8M,ACAZZ9
ABZ988ZABAB9,HC098H
ABZ988ZABAB9,H83AHA
ABZ988ZABAB9,A3C10H
ABZ988ZABAB9,AZ1C20
ABZ988ZABAB9,AZ1C23
ABZ988ZABAB9,AZ1CZ9
ABZ988ZABAB9,AZ1CA3
ABZ9879983,H23CA2
ABZ9879983,H39HZC
ABZ9879983,HC88ZA
ABZ9879983,HHC8Z2
ABZ9879983,A33881
ABZ9879983,AC0CCH
ABZ9879983,ACAZ9H
ABZ989AB44Z,H8C131
ABZ989AB44Z,A028HA
ABZ989AB44Z,A1C928
ABZ989AB44Z,A1Z2H0
ABZ989AB44Z,A1H2ZC
ABZ989AB44Z,A29220
ABZ9898456,H2C8C8
ABZ9898456,A1399Z
ABZ9898456,A1C911
ABZ9898456,A1C92A
ABZ9898456,A2C332
ABZ9898456,A3C3C3
ABZ9898456,A3CHAH
ABZ9898456,AZ1C21
ABZ98965AB3,A1C911
ABZ989894AB,HAAACA
ABZ99Z59AB3,H8C1AC
ABZ99Z59AB3,H882ZC
ABZ99Z59AB3,A3CCH9
ABZ99Z3Z9AB,A21C28
ABZ99Z3577,A0ZZCZ
ABZ99Z5885,H8C1AC
ABZ99Z59M6,ACHHAA
ABZ99Z59M9,ACHHAA
ABZ99Z358M,A0ZZCZ
ABZ99Z9M68,H39HZC
ABZ99Z9M68,H39908
ABZ99Z9M68,HC098H
ABZ99Z9M68,A1Z132
ABZ99Z9M68,A1Z3CH
ABZ99Z9M68,A33881
ABZ99Z87M3,A13H0
ABZ99Z87M3,H39A38
ABZ99Z87M3,H8380Z
ABZ99Z87M3,A0019C
ABZ99Z87M3,A0CAZ1
ABZ99Z87M3,A338HC
ABZ99Z87M3,A3H119
ABZ99Z87M3,ACZ029
ABZ99Z87M3,AZ0311
ABZ99Z9M87,H23CA2
ABZ99Z9M87,H93033
ABZ99Z9M87,A1Z132
ABZ99Z9M87,A1Z21H
ABZ99Z9M87,A33908
ABZ99Z9M87,A3C10H
ABZ99Z9M87,A3A393
ABZ99Z9335,H8C133
ABZ99Z9335,H8Z99C
ABZ99Z9335,H888H9
ABZ99Z9M3M,ZZACCZ
ABZ99Z9M3M,H23CAC
ABZ99Z9M3M,A0H802
ABZ99Z9M3M,A33A82
ABZ99Z9M3M,A338H1
ABZ99Z9M3M,A3A393
ABZ99Z9M3M,ACZ301
ABZ99Z9M3M,ACZCZA
ABZ99Z9M58,AZ919
ABZ99Z9M58,H2C8HA
ABZ99Z9M58,H39HZC
ABZ99Z9M58,H39908
ABZ99Z9M58,HC098H
ABZ99Z9M58,HAA292
ABZ99Z9M58,A1Z3CH
ABZ99Z9M58,A3A3H1
ABZ99Z9M58,ACAHZZ
ABZ99Z9M58,ACAA0A
ABZ99Z93AB4,H39HZC
ABZ99Z93AB4,H8ZZH9
ABZ99Z93AB4,A1Z1HA
ABZ99Z93AB4,A28Z98
ABZ99ABZ674,A1Z2H0
ABZ99Z9373,HC098H
ABZ99Z9373,AC0CCH
ABZ99Z9373,ACH3HH
ABZ99Z8447,H83C3C
ABZ99Z8447,A3C9A0
ABZ99Z8447,A3890Z
ABZ99Z8447,ACC1A1
ABZ99Z8447,ACC18Z
ABZ99Z8447,ACZ029
ABZ99Z94M3,H83AHA
ABZ99Z94M3,H93033
ABZ99AB6ZMM,AC9001
ABZ99AB48M5,AZ1C20
ABZ99AB48M5,AZ1C23
ABZ99AB48M5,AZ1CZA
ABZ99AB44AB4,A3C22H
ABZ99M3M43,AZ1C21
ABZ99M3M43,AZ1C2H
ABZ99M3M74,HC10HH
ABZ99M3M74,A030HZ
ABZ99M3M74,A10280
ABZ99M3M74,A1C911
ABZ99M3M74,A1C92A
ABZ99M3M74,A330H0
ABZ99M3M74,A3C9AC
ABZ99M3M74,A3Z3A1
ABZ99MM998,A1Z133
ABZ99M3ZM6,AZ1C21
ABZ99M3ZM6,AZ1C2C
ABZ99M3ZM6,AZ1CZA
ABZ99M3Z84,A028HA
ABZ99M3Z84,A09CCA
ABZ99M3Z84,A10280
ABZ99M3Z84,A1C92A
ABZ99M3Z84,A39809
ABZ99M3ZZ6,HC10HH
ABZ99M3ZZ6,A1C911
ABZ99M3ZZ6,A1C92A
ABZ99M3ZZ6,A1C928
ABZ99M3ZZ6,A330H0
ABZ99M3ZZ6,A3C2C9
ABZ99M3ZZ6,A3C9AC
ABZ993Z3MAB,A21211
ABZ993Z3MAB,A3AC8C
ABZ993ABZ89,ACAC81
ABZ993MZ78,ACH1Z3
ABZ993649AB,H8C1AC
ABZ993649AB,H9A1A9
ABZ993649AB,A2193H
ABZ993649AB,A3389C
ABZ99345Z8,ACHHAA
ABZ994AB94M,A0ZZCZ
ABZ993956M,HA90A3
ABZ993956M,H8821H
ABZ993956M,H89038
ABZ993956M,A09089
ABZ993956M,A1Z3CH
ABZ993956M,ACAHZZ
ABZ993956M,ACAA0A
ABZ994Z596,H8380Z
ABZ994Z596,A338Z8
ABZ994Z596,A3C9Z8
ABZ994AB945,A0ZZCZ
ABZ994AB956,A0ZZCZ
ABZ994AB946,A0ZZCZ
ABZ994AB955,A0ZZCZ
ABZ994Z6AB3,H39A38
ABZ994Z6AB3,H8380Z
ABZ994Z6AB3,H8A1C1
ABZ994Z6AB3,A20Z92
ABZ994Z6AB3,A338Z8
ABZ994AB93Z,A0ZZCZ
ABZ994Z583,A13H0
ABZ994Z583,HHZH31
ABZ994Z583,HA8ZCA
ABZ994Z583,H9A29H
ABZ994Z583,A338HC
ABZ994Z583,A3H933
ABZ994Z583,A3890Z
ABZ994Z583,ACZ029
ABZ994AB9ZAB,A0ZZCZ
ABZ994AB98AB,ACH1Z9
ABZ994AB948,A0ZZCZ
ABZ994AB953,A0ZZCZ
ABZ9939558,ZZACCZ
ABZ9939558,H23CA2
ABZ9939558,H2C8HA
ABZ9939558,H8C133
ABZ9939558,H8Z99C
ABZ9939558,A1CCC9
ABZ9939558,A1Z1HA
ABZ9939558,A33A82
ABZ9939558,AZ0C28
ABZ994AB9ZZ,A0ZZCZ
ABZ994AB938,A0ZZCZ
ABZ994AB934,A0ZZCZ
ABZ994AB937,A0ZZCZ
ABZ994AB9M9,A0ZZCZ
ABZ994AB93AB,A0ZZCZ
ABZ994AB939,A0ZZCZ
ABZ994AB95M,A0ZZCZ
ABZ994AB8AB5,A0ZZCZ
ABZ994AB957,A0ZZCZ
ABZ994AB9M8,A0ZZCZ
ABZ994AB943,A0ZZCZ
ABZ994AB949,A0ZZCZ
ABZ994AB954,A0ZZCZ
ABZ994AB958,A0ZZCZ
ABZ99447Z8,AC9001
ABZ99447AB4,AC9001
ABZ9944736,AC9001
ABZ9944733,AC9001
ABZ994463Z,AC9001
ABZ99447AB9,AC9001
ABZ9944638,AC9001
ABZ99447M4,AC9001
ABZ9944Z53,AZ1CA3
ABZ9944734,AC9001
ABZ99447AB6,AC9001
ABZ995AB583,HH81A2
ABZ995AB583,ACH1Z3
ABZ995AB673,AZ1CZ9
ABZ9958547,A3C9A0
ABZ99675Z9,A3C209
ABZ99676AB9,H8C1AC
ABZ99676AB9,H9A1A9
ABZ99675ABM,A3C209
ABZ9975347,H811CZ
ABZ9975347,H83C3C
ABZ9975347,H8823A
ABZ9975347,H9A29H
ABZ9975347,H989Z3
ABZ9975347,A0019C
ABZ9975347,AC0998
ABZ9975347,AC10HC
ABZ9975347,ACC133
ABZ9975347,ACC1C3
ABZ9975347,ACC183
ABZ9975347,ACC200
ABZ9975347,ACC202
ABZ9975347,ACC21C
ABZ9975347,ACA1C3
ABZ9975353,H39A38
ABZ9975353,H9A29H
ABZ9975353,A20Z92
ABZ9975353,A338Z8
ABZ9975353,A338HC
ABZ9975353,ACZCH1
ABZ9978MMM,H8Z99C
ABZ9978MMM,A21211
ABZ9978MMM,A33A82
ABZ9978MMM,A33881
ABZ9978MMM,A3A03A
ABZ9978MMM,A3A3H1
ABZ9978MMM,A3A393
ABZ9978MMM,A39C33
ABZ9978MMM,ACCC1H
ABZ9978MMM,AZ0C28
ABZ997798AB,H23CA2
ABZ997798AB,H2C0A2
ABZ997798AB,HC88ZA
ABZ997798AB,H8C133
ABZ997798AB,H888H9
ABZ997798AB,A33881
ABZ997798AB,ACZHZH
ABZ997798AB,ACAZZ9
ABZ9978MM8,HC88ZA
ABZ9978MM8,H8821A
ABZ9978MM8,A1C3C8
ABZ9978MM8,A21211
ABZ9978M4M,H8821A
ABZ9978M4M,A09089
ABZ9978M4M,A1Z23A
ABZ9978M4M,A21211
ABZ9978M4M,A3383H
ABZ9978M4M,A3C10H
ABZ9978M4M,A3A3H1
ABZ9978M4M,A3A393
ABZ9978M4M,AC89CZ
ABZ9989AB5M,A338Z8
ABZ998794M,A1Z133
ABZ998794M,A28H1C
ABZ999MZ7M,A21211
ABABZZZZM5M,AC03C8
ABABZZZZM5M,AC03C8
ABABZZZ35MAB,H8380Z
ABABZZZ35MAB,H9A29H
ABABZZZ35MAB,A09ZC2
ABABZZZ35MAB,A3890Z
ABABZZZ35MAB,A389C3
ABABZZZ35MAB,ACZ029
ABABZZZ35MAB,ACZ029
ABABZZZ35MAB,ACAC81
ABABZZZ35MAB,AC90HC
ABABZZZ35ZZ,HA90A2
ABABZZZ35ZZ,H9A29H
ABABZZZ35ZZ,H9AAH0
ABABZZZ35ZZ,H989Z3
ABABZZZ35ZZ,A0H318
ABABZZZ35ZZ,A09101
ABABZZZ35ZZ,A32032
ABABZZZ35ZZ,A338HC
ABABZZZ35ZZ,A389C3
ABABZZZ35ZZ,AC89C2
ABABZZZ39Z8,HACCHC
ABABZZABZZAB4,H23CA2
ABABZZABZZAB4,H2C0A2
ABABZZABZZAB4,H39H3Z
ABABZZABZZAB4,HA2288
ABABZZABZZAB4,H8ZZH9
ABABZZABZZAB4,H8Z99C
ABABZZABZZAB4,A01A19
ABABZZABZZAB4,A0HC01
ABABZZABZZAB4,A0H801
ABABZZABZZAB4,A09089
ABABZZABZZAB4,A11A89
ABABZZABZZAB4,A1C3C8
ABABZZABZZAB4,A1CCC9
ABABZZABZZAB4,A1Z1HA
ABABZZABZZAB4,A1Z221
ABABZZABZZAB4,A1Z223
ABABZZABZZAB4,A1Z3CH
ABABZZABZZAB4,A2993A
ABABZZABZZAB9,HH9298
ABABZZABZZAB9,A1Z21H
ABABZZABZZAB9,A1Z328
ABABZZABZZAB9,A33A82
ABABZZABZZAB9,A3383H
ABABZZABZZAB9,A33881
ABABZZZ993M,A21C28
ABABZZAB9966,A0H132
ABABZZAB9966,A2193H
ABABZZAB999Z,HH8982
ABABZZAB999Z,H9A1A9
ABABZZAB999Z,H9A1A9
ABABZZAB999Z,A1Z11H
ABABZZAB999Z,A1Z11H
ABABZZAB999Z,A1Z8H0
ABABZZAB999Z,A1Z8H0
ABABZZAB999Z,A28H02
ABABZZAB99AB7,AZ230C
ABABZZAB994M,A1C0AZ
ABABZZAB99Z9,A1C3AA
ABABZZAB8M34,A330AA
ABABZZAB8M34,A330A8
ABABZZAB8M34,ACC22Z
ABABZZAB8M34,ACC928
ABABZZAB8M34,ACZ30Z
ABABZZAB8M34,ACZCZ9
ABABZZAB8M34,ACZCH1
ABABZZAB8M34,AC8Z03
ABABZZAB74M8,AC89C2
ABABZZAB74M4,AC89C2
ABABZZAB74M3,AC89C2
ABABZZAB743Z,AC89C2
ABABZZM57AB8,20A13C
ABABZZM57AB8,H901ZC
ABABZZ3AB8M9,A3023H
ABABZZ3876AB,H29HH8
ABABZZ38763,H8CZZ2
ABABZZ44Z9AB,AZ0311
ABABZZ44M78,H989Z3
ABABZZ44M78,A09ZC2
ABABZZ44M78,AC89C2
ABABZZ44433,H29HHH
ABABZZ44433,HH8982
ABABZZ44433,H8HC3A
ABABZZ44433,A28H02
ABABZZ44433,A33890
ABABZZ44433,A3389C
ABABZZ44433,A3A3HA
ABABZZ44433,AZ230C
ABABZZ444M4,20A13C
ABABZZ444M4,H9A1A9
ABABZZ444M4,H9A1A9
ABABZZ444M4,A1C0AZ
ABABZZ444M4,A1Z11H
ABABZZ44543,A0ZZCZ
ABABZZ44MMAB,H888H9
ABABZZ44MMAB,H9C8HZ
ABABZZ44MMAB,A1C3C8
ABABZZ44MMAB,A2HCAA
ABABZZ44MMAB,A330A8
ABABZZ44MMAB,A33A82
ABABZZ44MMAB,A3A03A
ABABZZ44MMAB,A3A393
ABABZZ44MMAB,A39C33
ABABZZ44MMAB,ACC13C
ABABZZ44MMAB,ACC928
ABABZZ44843,A3389C
ABABZZ5AB595,AC9AC1
ABABZZ5AB595,AC9AC2
ABABZZ5AB593,AC9AC2
ABABZZ5AB593,AC9AA8
ABABZZ5AB68AB,AC9AC1
ABABZZ5AB68AB,AC9AC2
ABABZZ5AB68AB,AC9ACH
ABABZZ5AB68AB,AC9AA8
ABABZZ5AB68AB,AC9A92
ABABZZ5AB6ZAB,AC9AC2
ABABZZ5AB6ZAB,AC9ACH
ABABZZ5AB6ZAB,AC9A92
ABABZZ5789M,H2C8Z0
ABABZZ5789M,A00801
ABABZZ5789M,A1C039
ABABZZ5789M,A3C3C3
ABABZZ58Z5M,H2C8C8
ABABZZ58Z5M,A202Z0
ABABZZ58Z5M,A330H0
ABABZZ58Z5M,A3A3Z9
ABABZZ58Z5M,AZ1C2C
ABABZZ58Z5M,AZ1C2H
ABABZZ579Z7,H2C8C8
ABABZZ579Z7,A1399Z
ABABZZ579Z7,A3C31Z
ABABZZ579Z7,AZ1C21
ABABZZ579Z7,AZ1C2C
ABABZZ6ABZ69,A21C28
ABABZZ6ABZ69,A33908
ABABZZ6ABZ69,AZ0C28
ABABZZ69859,H39HZC
ABABZZ69859,ACA3C2
ABABZZ69859,AC9001
ABABZZ7ABMM5,ZZACCZ
ABABZZ7ABMM5,H382CZ
ABABZZ7ABMM5,H39H3Z
ABABZZ7ABMM5,H8Z99C
ABABZZ7ABMM5,H93033
ABABZZ7ABMM5,A0HC01
ABABZZ7ABMM5,A1Z21H
ABABZZ7ABMM5,A2HC02
ABABZZ7ABMM5,A3C0Z1
ABABZZ7ABMM5,A3ZC21
ABABZZ7ABMM5,AC0CCH
ABABZZ7ABMM5,AC22H3
ABABZZ7ABMM5,ACZ299
ABABZZ7ABMM5,ACZCZA
ABABZZ7ABMM5,ACAHZZ
ABABZZ7ABMM5,ACAA0A
ABABZZ699AB9,H23CA2
ABABZZ699AB9,H23CAC
ABABZZ699AB9,H39908
ABABZZ699AB9,HH9298
ABABZZ699AB9,H83AHA
ABABZZ699AB9,A1Z21H
ABABZZ699AB9,A1Z328
ABABZZ699AB9,A1HC12
ABABZZ699AB9,A33A82
ABABZZ699AB9,A33881
ABABZZ7578Z,ZZ0298
ABABZZ7578Z,H8893Z
ABABZZ7578Z,A082Z1
ABABZZ7578Z,A3C0Z1
ABABZZ7578Z,ACC18Z
ABABZZ7578Z,ACZCZ9
ABABZZ7578Z,AZ0311
ABABZZ75755,H989Z3
ABABZZ75755,AC9A3A
ABABZZ7577AB,H8893Z
ABABZZ7577AB,H989Z3
ABABZZ7577AB,A082Z1
ABABZZ7577AB,AC9AC2
ABABZZ7577AB,AC9ACC
ABABZZ8AB9M3,A1C0AZ
ABABZZ8AB93M,H29HHH
ABABZZ8AB93M,A2193H
ABABZZ8M5M6,AC2Z2Z
ABABZZ8M5M6,ACH1ZA
ABABZZ8AB9ABZ,A3C209
ABABZZ8AB937,H8C1AC
ABABZZ8AB937,H9A1A9
ABABZZ8AB937,A1Z11H
ABABZZ8AB937,A3C9HA
ABABZZ8AB937,A3A3HA
ABABZZ9M573,ACZCH1
ABABZABZ4568,A338Z8
ABABZABAB5975,H2C8A1
ABABZABAB43Z4,A082Z1
ABABZABAB43Z4,A3ACC9
ABABZABAB43Z4,A389C3
ABABZABAB43Z4,ACH2Z1
ABABZABAB43Z4,ACH312
ABABZABAB43Z4,ACH313
ABABZABAB43Z4,AC9A3A
ABABZABAB43Z4,AC9AC1
ABABZABAB43Z4,AC9AC2
ABABZABAB43Z4,AC9ACC
ABABZABAB43Z4,AC9ACH
ABABZABAB43Z4,AC9AA8
ABABZABAB43Z4,AC9A92
ABABZABAB5983,H2C8A1
ABABZABAB6753,AZ919
ABABZABAB6753,HA2028
ABABZABAB6753,A1C92A
ABABZABAB6753,A2HCAA
ABABZABAB6753,A33881
ABABZABAB6753,A3C0Z1
ABABZABAB6753,A3C813
ABABZABAB6753,A3Z28Z
ABABZABAB6753,ACC1ZC
ABABZABMMZABZ,A0ZZ8Z
ABABZABMMZAB6,H8C1AC
ABABZABMMZAB6,H8HC3A
ABABZABMMZAB6,A3C209
ABABZABMMZAB6,A3C9HA
ABABZABMMZAB6,A3A3HA
ABABZABMZ5Z3,AC9A3A
ABABZABMZ5Z3,AC9AC1
ABABZABMZ5Z3,AC9AC2
ABABZABMZ5Z3,AC9ACC
ABABZABMZ5Z3,AC9ACH
ABABZABMZ5Z3,AC9AA8
ABABZABMZ5Z3,AC9A92
ABABZAB3Z4M5,HA2028
ABABZAB3Z4M5,H8CH1Z
ABABZAB3Z4M5,A13HZH
ABABZAB3Z4M5,A1Z080
ABABZAB3Z4M5,A21C28
ABABZAB3Z4M5,A3Z28Z
ABABZAB3Z4M5,AZ1C20
ABABZAB3Z4M5,AZ1C23
ABABZAB3Z4M5,AZ1CZ9
ABABZAB3Z4M5,AZ1CA3
ABABZAB43737,A10Z23
ABABZAB5Z859,A21C28
ABABZAB5ABZ3AB,H9H8C0
ABABZAB5ABZ3AB,H989Z3
ABABZAB5ABZ3AB,A0CAZ1
ABABZAB5ABZ3AB,A09ZC2
ABABZAB5ABZ3AB,A3200C
ABABZAB5ABZ3AB,A3C0Z1
ABABZAB5Z856,A21C28
ABABZAB5ABABZ4,A09ZC2
ABABZAB5ABABZ4,ACHH2H
ABABZAB5ABABZ4,AC90HC
ABABZAB5ABZ74,H39A38
ABABZAB5ABZ74,HA90A2
ABABZAB5ABZ74,H8380Z
ABABZAB5ABZ74,H8A1C1
ABABZAB5ABZ74,H9AC0A
ABABZAB5ABZ74,H989Z3
ABABZAB5ABZ74,A082Z1
ABABZAB5ABZ74,A09ZC2
ABABZAB5ABZ74,A3890Z
ABABZAB6M777,A2HCAA
ABABZAB6M777,A3C0Z1
ABABZAB6M777,ACZHZH
ABABZAB6M777,ACAHZZ
ABABZAB6M775,AZ902
ABABZAB6M775,AZ919
ABABZAB6M775,ZZACCZ
ABABZAB6M775,H2C0A2
ABABZAB6M775,HA2028
ABABZAB6M775,H83C3C
ABABZAB6M775,H8Z99C
ABABZAB6M775,A0HC01
ABABZAB6M775,A09089
ABABZAB6M775,A11A89
ABABZAB6M775,A1Z132
ABABZAB6M775,A1Z328
ABABZAB6M775,A1Z3CH
ABABZAB6M775,A3A393
ABABZAB67M45,HH9298
ABABZAB67M45,H83AHA
ABABZAB67M45,A11A89
ABABZAB6957Z,A0302A
ABABZAB6957Z,A3C108
ABABZAB69574,H2C8C8
ABABZAB69574,HCAHC9
ABABZAB69574,H8892Z
ABABZAB69574,A0302A
ABABZAB78M4AB,A1Z21H
ABABZAB857AB6,H23CA2
ABABZAB857AB6,HH9298
ABABZAB857AB6,AZ0C28
ABABZAB8549M,H8HC3A
ABABZAB8549M,A3A3HA
ABABZAB835M8,ZZACCZ
ABABZAB835M8,H8C088
ABABZAB835M8,H8ZZH9
ABABZAB835M8,H8Z99C
ABABZAB835M8,A0C2A9
ABABZAB835M8,A0ZA2H
ABABZAB835M8,A0HC01
ABABZAB835M8,A09089
ABABZAB835M8,A1Z21H
ABABZAB835M8,A1Z223
ABABZAB835M8,A338H1
ABABZAB835M8,A33881
ABABZAB835M8,A3Z28Z
ABABZAB835M8,A3ZC31
ABABZAB835M8,ACAHZZ
ABABZAB85454,20A13C
ABABZAB85454,H29HHH
ABABZAB85454,A1C0AZ
ABABZAB85454,A3C28Z
ABABZAB85454,A3C9HA
ABABZAB85467,H29HHH
ABABZAB85467,A01Z0C
ABABZAB85467,A01Z0C
ABABZAB85467,A3C209
ABABZAB857Z3,ZZACCZ
ABABZAB857Z3,H23CAC
ABABZAB857Z3,H39908
ABABZAB857Z3,HA2028
ABABZAB857Z3,HA90A3
ABABZAB857Z3,H8ZZH9
ABABZAB857Z3,H8Z99C
ABABZAB857Z3,A09089
ABABZAB857Z3,A11A89
ABABZAB857Z3,A28Z98
ABABZAB857Z3,A3A3H1
ABABZAB857Z3,A3A393
ABABZAB9MZ9M,HAAHH8
ABABZAB9MAB8Z,A28H2H
ABABZAB9MAB9M,H8380Z
ABABZAB9MAB9M,A20Z92
ABABZAB9MMZ9,H39A38
ABABZAB9MMZ9,H83C3C
ABABZAB9MMZ9,H8380Z
ABABZAB9MMZ9,H8A1C1
ABABZAB9MMZ9,H9A29H
ABABZAB9MMZ9,H9AC0A
ABABZAB9MMZ9,A0CAZ1
ABABZAB9MMZ9,A0H318
ABABZAB9MMZ9,A3H933
ABABZAB9MABMZ,H39A38
ABABZAB9MABMZ,HA8ZCA
ABABZAB9MABMZ,H811CZ
ABABZAB9MABMZ,H83C3C
ABABZAB9MABMZ,H9A29H
ABABZAB9MABMZ,A09ZC2
ABABZAB9MABMZ,A3199C
ABABZAB9MABMZ,A3H933
ABABZAB9MABMZ,AC90HC
ABABZAB9MABMZ,AC90HC
ABABZMAB7357,H29HHH
ABABZMAB7357,H8HC3A
ABABZMAB7357,H882ZC
ABABZMAB7357,A3C109
ABABZMAB7357,A3C9HA
ABABZMAB7357,A3A3HA
ABABZMAB73M6,H8C1AC
ABABZMAB73M6,A3C209
ABABZMAB73M6,A3A3HA
ABABZM38Z8M,H3989H
ABABZM369ABZ,H83AHA
ABABZM369ABZ,A0ZZCA
ABABZM369ABZ,A1Z080
ABABZM369ABZ,A1Z132
ABABZM369ABZ,A1Z1HA
ABABZM369Z6,AZ919
ABABZM369Z6,A11A89
ABABZM369Z6,A1Z080
ABABZM369Z6,A33881
ABABZM369Z6,A33908
ABABZM369Z6,A33910
ABABZM38ABM5,H2C8A1
ABABZM369AB6,HH9298
ABABZM369AB6,AC0CCH
ABABZM3693M,HH9298
ABABZM3693M,A1Z080
ABABZM3693M,A3C0Z1
ABABZM48668,A1ZA21
ABABZM48668,A30Z19
ABABZM48668,A33838
ABABZM48668,ACC829
ABABZM47Z39,H29HHH
ABABZM47Z39,H882ZC
ABABZM47Z39,H9303Z
ABABZM47Z39,A10H29
ABABZM47Z39,A33890
ABABZM47Z39,A3A3HA
ABABZM6AB364,H9A29H
ABABZM6AB364,A1Z330
ABABZM6AB364,A31988
ABABZM6AB364,A338HC
ABABZM6AB364,A338HC
ABABZM6AB364,A3C9Z8
ABABZM6AB364,A3H933
ABABZM6AB364,A3890Z
ABABZM6AB364,A389C3
ABABZM6ABM98,H29HH8
ABABZM6AB358,A3AC02
ABABZM6ABM96,H2C8H1
ABABZM6ABM96,H2C8H1
ABABZM6464AB,H2C8A1
ABABZM646ABM,H2C8A1
ABABZM646ABM,H2C8A1
ABABZM685MM,AZ919
ABABZM685MM,HHC82Z
ABABZM685MM,HAZ201
ABABZM685MM,A0CC93
ABABZM685MM,A0ZZCA
ABABZM68549,HH9298
ABABZM68549,H8CH1Z
ABABZM68549,H93033
ABABZM68549,H9C8HZ
ABABZM68549,A2HC02
ABABZM68549,A3C3C8
ABABZM6874M,HH8982
ABABZM6874M,H8C1AC
ABABZM6874M,A10H29
ABABZM6874M,A1C0AZ
ABABZM68754,H29HHH
ABABZM68754,H8C1AC
ABABZM68754,H9A1A9
ABABZM68754,A01Z0C
ABABZM68577,HH9298
ABABZM68577,A0ZZCA
ABABZM68577,A11A89
ABABZM68577,A1Z080
ABABZM68577,A1HC12
ABABZM68577,A3A393
ABABZM68577,AC0CCH
ABABZM68577,ACAA0A
ABABZM765M7,AZ1C21
ABABZM765M7,AZ1C2C
ABABZM765M7,AZ1C2H
ABABZM765M7,AZ1CZA
ABABZM7685Z,AZ1C21
ABABZM7685Z,AZ1CZA
ABABZM77Z4AB,ACC0H0
ABABZM8M9Z9,H2C8A1
ABABZM8M9Z9,H2C8A1
ABABZM8M9Z9,H2C8A1
ABABZM8AB69M,A1C3AA
ABABZM8AB69M,A3A3HA
ABABZM8M94Z,H2C8A1
ABABZM9Z833,H8380Z
ABABZM9Z833,H9A29H
ABABZM9Z833,A3C9A0
ABABZM9Z833,A3890Z
ABABZM9Z833,ACH312
ABABZM93Z45,A11A88
ABABZM93Z45,AZ1C2H
ABABZM95M36,A21C28
ABABZM95M36,A33881
ABABZM95M36,A33908
ABABZM95M36,A3Z28Z
ABABZM95M36,AC0CCH
ABABZM95M36,AC9A38
ABABZM95M36,AZ1C23
ABABZM95484,H8C1AC
ABABZM95484,H9303Z
ABABZM95484,H9A1A9
ABABZM95484,A3389C
ABABZM95484,A3C109
ABABZM955M5,A0ZZCZ
ABABZM955M5,A3938C
ABABZM95M4Z,HC88ZA
ABABZM95M4Z,A11A89
ABABZM95M4Z,A3A03A
ABABZM95M4Z,A38HH0
ABABZM95M4Z,A39C33
ABABZM95M4Z,ACZHZH
ABABZM95M4Z,AC89CZ
ABABZM95M4Z,AC9AC0
ABABZM95M4Z,AC9AC3
ABABZM95M4Z,AC9ACZ
ABABZM95M4Z,AC9AH1
ABABZM95M4Z,AC9AHZ
ABABZM95M4Z,AC9A80
ABABZM955M3,A0ZZCZ
ABABZM955AB9,HH8982
ABABZM955AB9,A1C0AZ
ABABZM955AB9,A3C28Z
ABABZM95M33,H23CA2
ABABZM95M33,HHC82Z
ABABZM95M33,A0ZZCA
ABABZM95M33,A3ZC21
ABABZM95M33,ACC930
ABABZ3ZMZ5AB,A1ZA21
ABABZ3ZMZ5AB,A3A1ZC
ABABZ3ZMZ5AB,AZ1C21
ABABZ3ZMZ5AB,AZ1C2C
ABABZ3Z895Z,ACC829
ABABZ3Z66ABM,A32121
ABABZ3Z66AB7,A1Z21H
ABABZ3Z66MM,ZZAC23
ABABZ3Z66MM,HH9298
ABABZ3AB68Z9,A3CA0H
ABABZ3AB764M,HC88ZA
ABABZ3AB764M,H93033
ABABZ3AB764M,A1Z1HA
ABABZ3AB764M,A33881
ABABZ3AB764M,A3C3C8
ABABZ3AB764M,AZ3022
ABABZ3AB764M,AZ313C
ABABZ3AB764M,AZ3190
ABABZ3AB76AB5,AZ902
ABABZ3AB76AB5,ZZACCZ
ABABZ3AB76AB5,H8CH1Z
ABABZ3AB76AB5,H93033
ABABZ3AB76AB5,A1Z3CH
ABABZ3AB76AB5,A1Z39Z
ABABZ3AB76AB5,A21C28
ABABZ3AB76AB5,A32121
ABABZ3AB76AB5,A33A82
ABABZ3AB76AB5,A3A393
ABABZ3AB76AB5,AZ1C23
ABABZ3AB76AB5,AZ1CZ9
ABABZ3AB76AB5,AZ1CA3
ABABZ3AB76M4,H93033
ABABZ3AB76M4,A1C3C8
ABABZ3AB76M4,A338H1
ABABZ3AB76M4,A3C13H
ABABZ3AB76M4,A3Z28Z
ABABZ3M3853,H29HHH
ABABZ3M3853,H8C1AC
ABABZ3M3853,A1C0AZ
ABABZ3M3853,A1Z11H
ABABZ3M3853,A28H02
ABABZ3M3853,A3C109
ABABZ3M3853,A3C28Z
ABABZ3M3Z74,A1128C
ABABZ3MAB348,H9A29H
ABABZ3MAB348,A338Z8
ABABZ3MAB348,A338HC
ABABZ3MAB348,AZ0311
ABABZ3MAB333,A3ACC9
ABABZ3M3Z88,H8893Z
ABABZ3M3Z88,H9AC0A
ABABZ3M3Z88,A338HC
ABABZ3M3Z88,A3C0Z1
ABABZ3M3Z88,A3H933
ABABZ3M3Z88,AZ0ZZ3
ABABZ33Z596,H9H883
ABABZ33Z596,A11A88
ABABZ33Z596,A2C332
ABABZ33Z596,A3C9AC
ABABZ33Z596,A3ZC22
ABABZ34584AB,A1Z080
ABABZ34584AB,A3C3C8
ABABZ34584AB,A3Z28Z
ABABZ34584AB,A3A3H1
ABABZ34584AB,ACC930
ABABZ34584AB,ACZHZH
ABABZ34584AB,AZ0C28
ABABZ34584AB,AZ1C20
ABABZ34584AB,AZ1CZ9
ABABZ34569Z,H39A38
ABABZ34569Z,HA8ZCA
ABABZ34569Z,H9A29H
ABABZ34569Z,A20Z92
ABABZ34569Z,A31988
ABABZ34569Z,A3199C
ABABZ34569Z,AC90HC
ABABZ345836,A0ZZCA
ABABZ345836,A0ZH83
ABABZ345836,A1CCC9
ABABZ345836,A33A82
ABABZ345836,A3A393
ABABZ345836,AZ1C23
ABABZ345836,AZ313Z
ABABZ345836,AZ3188
ABABZ349599,A0ZZCZ
ABABZ349636,H8HC3A
ABABZ349636,H9303Z
ABABZ349636,A3C209
ABABZ349639,H8C1AC
ABABZ349639,A0ZZCZ
ABABZ349639,A0H132
ABABZ3496ZAB,A0ZZCZ
ABABZ355ABMZ,H3989H
ABABZ355ABMZ,A1399Z
ABABZ355ABMZ,A1C928
ABABZ355ABMZ,A3382H
ABABZ355AB85,A1C928
ABABZ36Z774,AC220H
ABABZ37M794,H9A29H
ABABZ37M794,A09101
ABABZ37M794,A3C0Z1
ABABZ37M794,A389C3
ABABZ37M794,AZ0311
ABABZ37497Z,A0H132
ABABZ37497Z,A3C209
ABABZ3749AB9,H8HC3A
ABABZ3749AB9,H9A1A9
ABABZ3749AB9,A3389C
ABABZ37646M,A0ZZCZ
ABABZ37646M,A0H132
ABABZ375538,AC9C2C
ABABZ3745Z8,AZ902
ABABZ3745Z8,ZZAC23
ABABZ3745Z8,H2C0A2
ABABZ3745Z8,HC88ZA
ABABZ3745Z8,HA2028
ABABZ3745Z8,H83AHA
ABABZ3745Z8,A1Z223
ABABZ3745Z8,A21211
ABABZ3745Z8,A33908
ABABZ374949,H8C1AC
ABABZ374949,A3A3HA
ABABZ38MAB74,A1C039
ABABZ38MAB74,A330H0
ABABZ38MAB74,A3C9AC
ABABZ38M394,H0Z31H
ABABZ38M394,A1Z11A
ABABZ38M394,A2C332
ABABZ38M394,A39809
ABABZ388737,A1Z2H0
ABABZ399553,HH9298
ABABZ399Z48,A3Z28Z
ABABZ398AB5Z,A1Z2H0
ABABZ3978AB5,A39C33
ABABZ4ZM443,A3A393
ABABZ4ZM443,AZ0C28
ABABZ4ZM449,AZ919
ABABZ4ZM449,H83C3C
ABABZ4ZM449,H8Z99C
ABABZ4ZM449,H8821A
ABABZ4ZM449,A0H801
ABABZ4ZM449,A3C10H
ABABZ4ZM449,A3C3C8
ABABZ4ZM449,A3ZC21
ABABZ4ZM6AB8,H888H9
ABABZ4ZM6AB8,A0ZZCA
ABABZ4ZM6AB8,A1C3C8
ABABZ4ZM6AB8,A1Z080
ABABZ4ZM6AB8,A33881
ABABZ4ZM6AB8,A33908
ABABZ4ZM6AB8,A3Z28Z
ABABZ4ZM6AB8,ACAA0A
ABABZ4ZM6AB8,AC9181
ABABZ4ZM6AB8,AZ313Z
ABABZ4ZM46Z,H93033
ABABZ4ZM46Z,A1Z23A
ABABZ4ZM46Z,A1Z3CH
ABABZ4ZM46Z,A28Z98
ABABZ4ZM46Z,A3ZC31
ABABZ4ZM46Z,A3A3H1
ABABZ4ZM46Z,AC0CCH
ABABZ4ZM46Z,ACZ30Z
ABABZ4ZAB9M8,H8893Z
ABABZ4ZAB9M8,A0019C
ABABZ4ZAB9M8,A0CAZ1
ABABZ4ZAB9M8,A31988
ABABZ4ZAB9M8,A3199C
ABABZ4ZAB9M8,A3C0Z1
ABABZ4ZAB9M8,A3H933
ABABZ4ZAB9M8,AZ0311
ABABZ4Z3ZMAB,H23CA2
ABABZ4Z3ZMAB,H23CAC
ABABZ4Z3ZMAB,A13HZH
ABABZ4Z3ZMAB,A3C2CC
ABABZ4Z3ZMAB,A389C2
ABABZ4ZMZM8,20A13C
ABABZ4ZMZM8,H29HHH
ABABZ4ZMZM8,A1Z33H
ABABZ4ZMZM8,A3389C
ABABZ4ZMZM8,A3C209
ABABZ4ZMZM8,A3A3HA
ABABZ4ZM439,HC098H
ABABZ4ZM439,HHC82Z
ABABZ4ZM439,A11A89
ABABZ4ZM439,A3Z28Z
ABABZ4ZM439,AC9AH0
ABABZ4ZM434,A13HZH
ABABZ4ZM434,A330A8
ABABZ4ZM434,A33A82
ABABZ4Z9437,H0Z31H
ABABZ4Z9437,H9H883
ABABZ4Z9437,A1Z3H3
ABABZ4Z9437,A1Z382
ABABZ4AB5AB3AB,AC9913
ABABZ4AB5AB3AB,AC9913
ABABZ4AB5AB3AB,AC9913
ABABZ4AB5AB54,AZ21Z8
ABABZ4AB5ABM9,AC989H
ABABZ4AB5ABM9,AC989H
ABABZ4AB5ABM9,AC989H
ABABZ4AB368AB,A39C33
ABABZ4AB36Z5,AZ2A29
ABABZ4AB4Z73,AZ2A03
ABABZ4AB5AB67,AC989H
ABABZ4AB4Z76,AZ2A03
ABABZ4MZAB6Z,ZZACCZ
ABABZ4MZAB6Z,H23CA2
ABABZ4MZAB6Z,H39H3Z
ABABZ4MZAB6Z,H8Z99C
ABABZ4MZAB6Z,H88229
ABABZ4MZAB6Z,A0H801
ABABZ4MZAB6Z,A11A89
ABABZ4MZAB6Z,A1Z080
ABABZ4MZAB6Z,A1HC12
ABABZ4MZAB6Z,A3ZC21
ABABZ4MZAB6Z,A3ZC31
ABABZ4MZAB6Z,A3A3H1
ABABZ4MZAB6Z,A3A393
ABABZ4MZAB6Z,ACZHZH
ABABZ4MZABZ9,HC098H
ABABZ4MZABZ9,A1Z221
ABABZ4MZABZ9,A23203
ABABZ4MZABZ9,A3C3C8
ABABZ4MZAB73,A32121
ABABZ4MZAB73,AC0CCH
ABABZ4MZABM4,H39HZC
ABABZ4MZABM4,A0HC01
ABABZ4MZABM4,A1Z3CH
ABABZ4MZABM4,A33881
ABABZ4MZABM4,A3Z28Z
ABABZ4M7Z47,20A13C
ABABZ4M7Z47,H882ZC
ABABZ4M7Z47,A10H29
ABABZ4M7Z47,A3C209
ABABZ4M7Z47,A3C9HA
ABABZ4M7Z47,A3A3HA
ABABZ4M7AB67,H08C2C
ABABZ4M7AB67,H8A1C1
ABABZ4M7AB67,A3H933
ABABZ4M7AB67,ACZ029
ABABZ4M7AB8Z,H39A38
ABABZ4M7AB8Z,H8380Z
ABABZ4M7AB8Z,H8A1C1
ABABZ4M7AB8Z,H9AC0A
ABABZ4M7AB8Z,A0019C
ABABZ4M58Z5,AZ21Z8
ABABZ439548,A0H132
ABABZ449MZ6,ACHHAA
ABABZ449MZ9,A3A3HA
ABABZ449MZ9,ACHHAA
ABABZ449888,A21C28
ABABZ449888,A32121
ABABZ449888,ACAA0A
ABABZ449879,H8ZZH9
ABABZ449879,A1CCC9
ABABZ449879,A1Z223
ABABZ449876,H2C0A2
ABABZ449876,H39HC8
ABABZ449876,H8Z99C
ABABZ449876,H93033
ABABZ449876,A3Z1A2
ABABZ449876,A3Z3A2
ABABZ449876,ACAHZZ
ABABZ454AB73,H83C3C
ABABZ454AB73,H9A29H
ABABZ454AB73,A32032
ABABZ454AB73,A3H933
ABABZ454AB73,ACZ029
ABABZ454AB73,AZ0311
ABABZ454Z7AB,H9H8C0
ABABZ454Z7AB,A21211
ABABZ454Z7AB,A3Z28Z
ABABZ454Z7AB,AC8C8A
ABABZ454Z7AB,AC8Z03
ABABZ454AB8M,H2C8H1
ABABZ454AB8M,H92ZA2
ABABZ454AB8M,A09101
ABABZ454AB8M,A09ZC2
ABABZ454AB8M,A3H920
ABABZ454AB8M,A3H933
ABABZ454AB8M,A391HC
ABABZ4566Z3,A0ZZCZ
ABABZ457Z78,H8HC3A
ABABZ457Z78,AZ230C
ABABZ457Z78,AZ2A03
ABABZ457Z78,AZ2938
ABABZ457ZM8,H8C1AC
ABABZ457ZM8,H9303Z
ABABZ457ZM8,A1Z11H
ABABZ457ZM8,A3389C
ABABZ4576M5,H39HZC
ABABZ4566AB5,A0ZZCZ
ABABZ457746,H39HZC
ABABZ457746,H88229
ABABZ457746,A0ZZCA
ABABZ457746,A3C0Z1
ABABZ457746,ACZHZH
ABABZ457746,AZ1C23
ABABZ457746,AZ1CA3
ABABZ4566AB3,A0ZZCZ
ABABZ457Z5Z,H8HC3A
ABABZ457Z5Z,A10H29
ABABZ457Z5Z,A3C109
ABABZ457Z5Z,A3C28Z
ABABZ457Z5Z,A3C9HA
ABABZ457Z5Z,A3A3HA
ABABZ4577AB4,H83C3C
ABABZ4577AB4,H8821A
ABABZ4577AB4,A1C038
ABABZ4577AB4,A1Z22H
ABABZ4577AB4,A2HCAA
ABABZ4577AB4,A3ZC21
ABABZ4566Z5,A0ZZCZ
ABABZ457674,A1Z132
ABABZ457674,A330A8
ABABZ457674,A33A82
ABABZ464M58,H9H883
ABABZ464M58,A1ZA20
ABABZ464M58,A202Z0
ABABZ464M58,A29220
ABABZ464M58,A3CA0H
ABABZ464M58,A3A3Z9
ABABZ464M58,AZ1C2H
ABABZ48Z8M4,H8823A
ABABZ48Z8M4,H8893Z
ABABZ48Z8M4,A3199C
ABABZ48659Z,HC098H
ABABZ48659Z,A2HCAA
ABABZ48659Z,A3C10H
ABABZ484994,H29HHH
ABABZ484994,A0ZZCZ
ABABZ484994,A3A3HA
ABABZ486576,HHC82Z
ABABZ486576,A0H802
ABABZ486576,A3C22H
ABABZ484876,AZ919
ABABZ484876,H8821A
ABABZ484876,A01A19
ABABZ484876,A0CC93
ABABZ484876,A21C28
ABABZ484876,A33881
ABABZ484876,AC8CC1
ABABZ49ZM45,ZZACCZ
ABABZ49ZM45,A0ZZCA
ABABZ4933MM,A10280
ABABZ4933MM,A11A88
ABABZ4933MM,A1399Z
ABABZ4933MM,ACZCH2
ABABZ49Z358,H39HZC
ABABZ49Z358,HC88ZA
ABABZ49Z358,A2HC02
ABABZ49Z358,A389C2
ABABZ49Z358,ACZHZH
ABABZ49Z358,ACAHCH
ABABZ49Z358,ACAHZZ
ABABZ499976,AC989H
ABABZ499976,AC989H
ABABZ5Z4359,AC0998
ABABZ5Z4359,AC10HC
ABABZ5Z4359,ACC133
ABABZ5Z4359,ACC200
ABABZ5Z4359,ACC202
ABABZ5Z4359,ACC21C
ABABZ5ABMZM5,H8380Z
ABABZ5ABMZM5,H8823A
ABABZ5ABMZM5,A3199C
ABABZ5ABMZM5,A338HC
ABABZ5ABMZM5,ACZ029
ABABZ5Z9999,AC90HC
ABABZ5AB6385,H8C1AC
ABABZ5AB65AB3,H9303Z
ABABZ5AB65AB3,H9A1A9
ABABZ5AB65AB3,A0ZZCZ
ABABZ5AB65AB3,A33890
ABABZ5AB65AB3,A3A3HA
ABABZ5AB6443,A23300
ABABZ5AB5M74,AZ919
ABABZ5AB5M74,HHC8Z2
ABABZ5AB5M74,A1Z22H
ABABZ5AB5M74,A21211
ABABZ5AB5M74,A21C28
ABABZ5AB5M74,A32121
ABABZ5AB5M74,A33910
ABABZ5AB5M74,A3Z28Z
ABABZ5AB5M74,AZ0C28
ABABZ5AB654M,H9A3C1
ABABZ5AB654M,A0ZZCZ
ABABZ5AB654M,A3389C
ABABZ5AB654M,A3C109
ABABZ5AB643AB,A23300
ABABZ5MZ8AB9,HHZH39
ABABZ5MZ8AB9,ACZCH2
ABABZ5MABABM8,A3C9AC
ABABZ53AB788,AC9913
ABABZ54ABAB33,A0ZZA8
ABABZ54ABMZ8,H8C1AC
ABABZ54ABMZ8,A0ZZCZ
ABABZ54ABMZ8,A0ZZ8Z
ABABZ54ABMZ8,A10H29
ABABZ54ABAB34,H8C1AC
ABABZ54ABAB34,H8HC3A
ABABZ54ABAB34,H9303Z
ABABZ54ABAB34,H9A1A9
ABABZ54ABAB34,A0ZZCZ
ABABZ54ABAB34,A0ZZA8
ABABZ54ABAB34,A3C109
ABABZ54ABAB54,H9A1A9
ABABZ54ABAB54,A0ZZCZ
ABABZ54ABAB54,A0ZZ8Z
ABABZ54ABAB54,A3C209
ABABZ54ABAB54,AZ2938
ABABZ5394ABAB,AZ2H98
ABABZ539686,H29HHH
ABABZ539686,AZ2H98
ABABZ538998,A0CC93
ABABZ538998,A0HC01
ABABZ538998,A1Z3CH
ABABZ538998,A33A82
ABABZ538998,AZ1C20
ABABZ538998,AZ1C23
ABABZ538998,AZ1CZ9
ABABZ539584,ZZACCZ
ABABZ539584,H39H3Z
ABABZ539584,H39908
ABABZ539584,H83C3C
ABABZ539584,A0ZA2H
ABABZ539584,A1C3C8
ABABZ539584,A1Z1HA
ABABZ539584,A1Z39Z
ABABZ539584,A3C2CC
ABABZ539584,A389C2
ABABZ539584,ACAHZZ
ABABZ539M98,HC098H
ABABZ539M98,HHC82Z
ABABZ539M98,A33881
ABABZ539M98,AC8C8A
ABABZ54Z87M,H9A3C1
ABABZ54Z87M,AZ2938
ABABZ543M7Z,HAAHH8
ABABZ543M9AB,A3A3A8
ABABZ544Z87,H8823A
ABABZ544Z87,H9H8C0
ABABZ544Z87,A20Z92
ABABZ544Z87,A338Z8
ABABZ544Z87,ACAC81
ABABZ55Z55AB,HA90A2
ABABZ55Z55AB,H83C3C
ABABZ55Z55AB,H9H8C0
ABABZ55Z55AB,H989Z3
ABABZ55Z55AB,A0019C
ABABZ55Z55AB,A0CAZ1
ABABZ55Z55AB,ACC0H0
ABABZ56AB7M9,A3C31Z
ABABZ56AB7M9,A3C3CH
ABABZ56AB7M9,AZ3838
ABABZ56AB7M9,AZ3839
ABABZ56AB797,A1Z382
ABABZ56M37AB,A3C200
ABABZ56Z687,H901ZC
ABABZ56Z687,H901ZC
ABABZ56Z687,ACC133
ABABZ56Z687,ACC133
ABABZ56Z794,ACC200
ABABZ56Z794,ACC200
ABABZ56Z794,ACC21C
ABABZ56Z794,ACC21C
ABABZ566543,H8823A
ABABZ566543,H9H8C0
ABABZ566543,H9AC0A
ABABZ566543,A09101
ABABZ566543,A09ZC2
ABABZ568Z99,A0ZZCZ
ABABZ56793AB,H39H3Z
ABABZ56793AB,H39908
ABABZ56793AB,A10Z23
ABABZ56793AB,A1C3C8
ABABZ56793AB,A1Z3CH
ABABZ56793AB,A33908
ABABZ566578,A09ZC2
ABABZ566578,A338HC
ABABZ566578,A3H920
ABABZ566578,ACZ029
ABABZ566578,ACH2Z1
ABABZ566578,ACH312
ABABZ567993,H83C3C
ABABZ567993,H89038
ABABZ567993,A0CAZ1
ABABZ567993,A0ZZCA
ABABZ567993,A1C3C8
ABABZ567993,A28Z98
ABABZ567993,A33A82
ABABZ567993,A338H1
ABABZ567993,A33881
ABABZ567993,A3A3H1
ABABZ567993,ACC19H
ABABZ568369,H8HC3A
ABABZ568369,H9A1A9
ABABZ568369,A0ZZA8
ABABZ568369,A10H29
ABABZ568369,A3C28Z
ABABZ568369,AZ23C0
ABABZ568369,AZ2H8Z
ABABZ568369,AZ2938
ABABZ569AB43,H8C133
ABABZ569AB43,A1Z23A
ABABZ569AB43,A21C28
ABABZ569AB43,A2HCAA
ABABZ569AB43,A3Z1A2
ABABZ5679AB6,HA2288
ABABZ5679AB6,H8Z99C
ABABZ5679AB6,H888H9
ABABZ5679AB6,A09089
ABABZ5679AB6,A3C13H
ABABZ5679AB6,A3C3ZZ
ABABZ5679AB6,AZ3889
ABABZ57333M,H2C8H1
ABABZ57333M,H2C8H1
ABABZ57333M,H2C8H1
ABABZ5733AB5,H2C8H1
ABABZ5733AB5,HA8ZCA
ABABZ5733AB5,H8380Z
ABABZ5733AB5,H8893Z
ABABZ5733AB5,H9A29H
ABABZ5733AB5,A09ZC2
ABABZ5733AB5,A3C2CH
ABABZ5733AB5,A3H920
ABABZ573656,A1Z22H
ABABZ573656,A3Z28Z
ABABZ573656,ACAZ2A
ABABZ5783Z6,H39A3A
ABABZ5783Z6,A00801
ABABZ5783Z6,A1C911
ABABZ5783Z6,A1ZA3A
ABABZ5783Z6,A30Z19
ABABZ5783Z6,A3C302
ABABZ5783Z6,A39809
ABABZ5783Z6,AZ1C21
ABABZ5783Z6,AZ2A33
ABABZ5783Z6,AZ3838
ABABZ577793,A330H0
ABABZ577793,AC89A1
ABABZ577793,AZ1C21
ABABZ577793,AZ3838
ABABZ57763AB,A1ZA3A
ABABZ57763AB,A30Z19
ABABZ57763AB,A39809
ABABZ57763AB,ACH1ZA
ABABZ57763AB,ACH9ZA
ABABZ57763AB,AC89A1
ABABZ57763AB,AZ3838
ABABZ586946,H83C3C
ABABZ586946,A0CAZ1
ABABZ586946,A0ZZCA
ABABZ586946,A1Z39Z
ABABZ586946,ACZ11A
ABABZ586946,ACZ118
ABABZ586946,ACZ119
ABABZ596973,A0ZZ8Z
ABABZ596973,A28H02
ABABZ596973,A3C209
ABABZ596973,AZ2A03
ABABZ5969AB6,HH8982
ABABZ5969AB6,H9A3C1
ABABZ5969AB6,A10H29
ABABZ5969AB6,A1Z11H
ABABZ5969AB6,A33890
ABABZ5969AB6,A3C28Z
ABABZ5969AB6,AZ2H8Z
ABABZ5966Z9,A0ZZCZ
ABABZ596548,A0ZZCZ
ABABZ5966ZZ,A0H132
ABABZ5966ZM,A0H132
ABABZ6ZAB36Z,AC0CCH
ABABZ6ZMZ76,H23CAC
ABABZ6ZMZ76,HH9298
ABABZ6ZMZ76,A0C2A9
ABABZ6ZMZ76,A1CCC9
ABABZ6ZMZ76,A1Z23A
ABABZ6ZMZ76,A1Z3CH
ABABZ6ZMZ76,A3ZC31
ABABZ6ZMZ76,ACZ118
ABABZ6ZMZ76,AC9ACZ
ABABZ6ZMZ76,AC9AHZ
ABABZ6ZMABZAB,AZ919
ABABZ6ZMABZAB,H39908
ABABZ6ZMABZAB,HH9298
ABABZ6ZMABZAB,H888H9
ABABZ6ZMABZAB,A0ZA2H
ABABZ6ZMABZAB,A1Z132
ABABZ6ZMABZAB,A1Z1HA
ABABZ6ZMABZAB,A33A82
ABABZ6ZMABZAB,A389C2
ABABZ599946,A1Z080
ABABZ599946,A3C0Z1
ABABZ6ZAB346,H39A38
ABABZ6ZAB346,A0H318
ABABZ6ZAB346,A09101
ABABZ6ZAB346,A09ZC2
ABABZ6ZAB346,A20Z92
ABABZ6ZAB346,A3H920
ABABZ6ZAB346,AC0ZA0
ABABZ6MZ37M,AC0ZA0
ABABZ6AB9586,AC989H
ABABZ6MZ373,H8380Z
ABABZ6MZ373,A338Z8
ABABZ6M5ZAB9,A0ZZCZ
ABABZ6M5Z94,H8HC3A
ABABZ6M5Z94,A0ZZ8Z
ABABZ6M5Z94,A10H29
ABABZ6M5Z94,A1Z11H
ABABZ6M5Z94,A3C9HA
ABABZ6M5Z94,AZ2H8Z
ABABZ6M576AB,H8HC3A
ABABZ6M576AB,A0ZZCZ
ABABZ6M576AB,AZ2A03
ABABZ63AB68Z,ZZACCZ
ABABZ63AB68Z,HH9298
ABABZ63AB68Z,HAH9ZC
ABABZ63AB68Z,A3C0Z1
ABABZ63AB68Z,A3C13H
ABABZ63AB68Z,A3Z138
ABABZ63AB783,HACCHC
ABABZ63AB783,HACCHC
ABABZ63ZM34,ACH1Z3
ABABZ63ZM34,ACH1Z3
ABABZ6M998AB,AZ3838
ABABZ6M998AB,AZ3838
ABABZ63AB5Z9,AZ919
ABABZ63AB5Z9,A21C28
ABABZ63AB5Z9,AC9A38
ABABZ63AB5Z9,AC9AC0
ABABZ63AB5Z9,AC9A80
ABABZ63AB7AB6,A1C3C8
ABABZ63AB7AB6,A28Z98
ABABZ63AB7AB6,A3C2CC
ABABZ63AB7AB6,A3AC8C
ABABZ63AB8Z3,HAAHH8
ABABZ63AB8Z3,HA8ZCA
ABABZ63AB8Z3,H8380Z
ABABZ63AB8Z3,H8823A
ABABZ63AB8Z3,H9H8C0
ABABZ63AB8Z3,H989Z3
ABABZ63AB8Z3,A09ZC2
ABABZ63AB8Z3,A3C2CH
ABABZ63AB8Z3,ACH2Z1
ABABZ63ABAB89,AZ2CC1
ABABZ63ABAB89,AZ2CC1
ABABZ63AB8ABZ,H39A38
ABABZ63AB8ABZ,H9H8C0
ABABZ63AB8ABZ,H9AC0A
ABABZ63AB8ABZ,A0CAZ1
ABABZ63AB8ABZ,A0Z23C
ABABZ63AB8ABZ,AC0CCH
ABABZ63AB769,HH81C8
ABABZ63AB767,A330A8
ABABZ63AB767,A33A82
ABABZ63AB767,A338H1
ABABZ63AB767,A33881
ABABZ63AB767,A3C0Z1
ABABZ63AB8M8,H23CA2
ABABZ63AB8M8,H2C8HA
ABABZ63AB8M8,H888H9
ABABZ63AB8M8,A21C28
ABABZ63AB8M8,A3C3ZZ
ABABZ63AB8M8,A3Z28Z
ABABZ63AB8M8,A3AC8C
ABABZ63AB863,H39A3A
ABABZ63AB863,A330A8
ABABZ63AB863,A3AC8C
ABABZ63AB863,A389C2
ABABZ63AB863,AC0CCH
ABABZ63AB863,ACZC23
ABABZ63AB863,ACAZ2A
ABABZ63Z5Z6,A3C93A
ABABZ63Z5Z6,A3C93A
ABABZ636566,H9H883
ABABZ636566,A3AC0H
ABABZ636566,ACZCH2
ABABZ636566,ACH80C
ABABZ636566,AC989H
ABABZ636566,AC992C
ABABZ636696,HC10HH
ABABZ636696,H9H883
ABABZ636696,A030C2
ABABZ636696,A1128C
ABABZ636696,A1C928
ABABZ636696,A33838
ABABZ636696,A3C31Z
ABABZ636696,A3Z393
ABABZ636696,A3AC0H
ABABZ636696,AC989H
ABABZ636696,AC992C
ABABZ637ZZ7,A0302A
ABABZ637ZZ7,A1399Z
ABABZ637ZZ7,ACZCH2
ABABZ637ZZ7,AC89A2
ABABZ637ZZ7,AC99C2
ABABZ637ZZ7,AZ21Z8
ABABZ646AB94,A3Z38C
ABABZ646AB94,A3Z38C
ABABZ656M59,AZ919
ABABZ656M59,HA2028
ABABZ656M59,H83AHA
ABABZ656M59,H8821A
ABABZ656M59,A1Z3CH
ABABZ656M59,ACAHCH
ABABZ656M59,AC9AH0
ABABZ656M59,AC9AH1
ABABZ6579Z3,A0ZZCZ
ABABZ658MAB8,H9A3C1
ABABZ658MAB8,A0ZZCZ
ABABZ658MAB8,A0ZZA8
ABABZ658MAB8,A28H02
ABABZ658MAB8,A3389C
ABABZ658MAB8,A3C9HA
ABABZ658MAB8,AZ2H8Z
ABABZ656AB98,ZZACCZ
ABABZ656AB98,HC098H
ABABZ656AB98,HHC82Z
ABABZ656AB98,H8821A
ABABZ656AB98,H888H9
ABABZ656AB98,A1Z221
ABABZ656AB98,ACC19H
ABABZ658AB53,HACCCH
ABABZ658AB53,HACCCH
ABABZ658AB53,HACCCH
ABABZ658AB53,HACCCH
ABABZ658393,HH81A2
ABABZ65645M,ZZACCZ
ABABZ65645M,H23CA2
ABABZ65645M,H382CZ
ABABZ65645M,H39H3Z
ABABZ65645M,HA90A3
ABABZ65645M,A0HC01
ABABZ65645M,A1Z1HA
ABABZ65645M,A33910
ABABZ65645M,A3A3H1
ABABZ65645M,AC9AC3
ABABZ65645M,AZ3191
ABABZ6579ZM,H93033
ABABZ6579ZM,AZ239C
ABABZ6579ZM,AZ3022
ABABZ6579ZM,AZ313C
ABABZ6579ZM,AZ313Z
ABABZ6579ZM,AZ3188
ABABZ6579ZM,AZ3190
ABABZ658853,A28H2H
ABABZ658853,A338Z8
ABABZ658853,A338HC
ABABZ658853,A3H933
ABABZ658853,ACZ029
ABABZ658853,AC90A3
ABABZ656ZZAB,HAAHH8
ABABZ656ZZAB,ACH313
ABABZ656ZZAB,AC90HC
ABABZ6584Z8,H92ZH2
ABABZ67Z88Z,H3Z32C
ABABZ67Z88Z,H3Z32C
ABABZ67Z9ZAB,HACCCH
ABABZ669M73,A1Z2H0
ABABZ66944AB,AC99C2
ABABZ669AB53,A3ZAH8
ABABZ676ZMAB,A3CA0H
ABABZ676ZMAB,A3Z3A1
ABABZ683AB8AB,H92ZH2
ABABZ68AB748,A0ZZ8Z
ABABZ68ABABAB7,20A13C
ABABZ68ABABAB7,H9A3C1
ABABZ68ABABAB7,A0ZZA8
ABABZ68ABABAB7,A0ZZ8Z
ABABZ68ABABAB7,A10H29
ABABZ68ABABAB7,A28H02
ABABZ68ABABAB7,A3C9HA
ABABZ68ABAB5M,H29HHH
ABABZ68ABAB5M,A3A3HA
ABABZ687M4AB,ZZACCZ
ABABZ687M4AB,H8Z99C
ABABZ687M4AB,H8821A
ABABZ687M4AB,A1C92A
ABABZ687M4AB,A1HC12
ABABZ687M4AB,A33910
ABABZ687M57,A1Z080
ABABZ687M57,A33A82
ABABZ687M57,A3Z28Z
ABABZ6874Z3,H8380Z
ABABZ6874Z3,H9A29H
ABABZ6874Z3,AC0CCH
ABABZ6874Z3,AZZ990
ABABZ687M67,H9A29H
ABABZ687M67,H989Z3
ABABZ687M67,A09101
ABABZ687M67,A09ZC2
ABABZ687M67,A338HC
ABABZ687M67,A3H933
ABABZ687M67,AC0CCH
ABABZ687M64,AZ919
ABABZ687M64,HA2028
ABABZ687M64,A11A89
ABABZ687M64,A1Z132
ABABZ687M64,A33908
ABABZ687M64,A3C3C8
ABABZ68735Z,HHC8Z2
ABABZ68735Z,H83AHA
ABABZ68735Z,A1Z1HA
ABABZ68735Z,A1Z3CH
ABABZ68735Z,A33881
ABABZ68735Z,A3C13H
ABABZ68735Z,A3C3ZZ
ABABZ68735Z,ACC19H
ABABZ68735Z,AC8C8A
ABABZ697889,A20Z92
ABABZ697889,A338Z8
ABABZ697889,AC0CCH
ABABZ7Z4ZM8,ACH2Z1
ABABZ7Z4ZM8,ACH312
ABABZ7Z4ZM8,ACH313
ABABZ7ZM854,H2C8A3
ABABZ7ZM854,A101A3
ABABZ7ZM854,A11A88
ABABZ7ZM854,A1C911
ABABZ7ZM854,A3C108
ABABZ7ZM854,A3C3CH
ABABZ7ZM854,AZZCZ3
ABABZ7Z86Z5,H882ZC
ABABZ7Z86Z5,H9A1A9
ABABZ7Z86Z5,A10H29
ABABZ7Z86Z5,A3389C
ABABZ7Z85Z6,H29HHH
ABABZ7Z85Z6,A0H132
ABABZ7Z85Z6,AZ2Z32
ABABZ7Z697Z,AZ2H8Z
ABABZ7Z6983,AZ2H8Z
ABABZ7Z7ABAB5,A23300
ABABZ7Z7M56,A3ZAH8
ABABZ7Z7M56,A3ZAH8
ABABZ7Z7ABZ8,A23300
ABABZ7AB3489,H29HH8
ABABZ7AB35M8,H08C2C
ABABZ7AB35M8,H9A29H
ABABZ7AB35M8,A20Z92
ABABZ7AB35M8,A28H2H
ABABZ7AB35M8,ACZ029
ABABZ7AB35M8,ACH2Z1
ABABZ7AB66ABM,A3C108
ABABZ7AB664AB,AC99C2
ABABZ7AB66M9,A3Z38C
ABABZ7AB66M9,AC992C
ABABZ7AB6338,AZ902
ABABZ7AB6338,ZZACCZ
ABABZ7AB6338,H23CA2
ABABZ7AB6338,HA2288
ABABZ7AB6338,A0HC01
ABABZ7AB6338,A11A89
ABABZ7AB6338,A33881
ABABZ7AB6338,A3C22H
ABABZ7AB6338,A3C3C8
ABABZ7AB6338,A3ZC31
ABABZ7AB6338,A3A3H1
ABABZ7AB6338,AZ1C20
ABABZ7AB6338,AZ1C23
ABABZ7AB65AB9,A030HC
ABABZ7AB65AB9,A1C928
ABABZ7AB65AB9,A3C108
ABABZ7AB6M58,H888H9
ABABZ7AB6M58,A0ZZCA
ABABZ7AB6M58,A28H09
ABABZ7AB6M58,A3C2CC
ABABZ7AB6M58,A3C3ZH
ABABZ7AB6M58,A3Z138
ABABZ7AB6M58,A3A3H1
ABABZ7AB6M58,ACAHZZ
ABABZ7AB6M58,AC9181
ABABZ7AB6M58,AZ1C23
ABABZ7AB6M58,AZ1CA3
ABABZ7AB6595,A1Z220
ABABZ7AB6595,A330H0
ABABZ7AB6595,A3382H
ABABZ73Z3AB5,HC098H
ABABZ73Z3AB5,A39C33
ABABZ73ABZM5,A10Z23
ABABZ73Z45AB,H88229
ABABZ73Z45AB,A1Z132
ABABZ73Z45AB,A1Z1HA
ABABZ73Z45AB,A1Z328
ABABZ73Z45AB,A1Z3CH
ABABZ73Z45AB,A33A82
ABABZ73Z45AB,A389C2
ABABZ73Z45AB,ACZC2C
ABABZ73Z45AB,AZ1CZ9
ABABZ73Z3M9,A0ZZCA
ABABZ73Z3M9,A0ZA2H
ABABZ73Z3M9,A1CCC9
ABABZ73Z3M9,A330A8
ABABZ7357ABAB,H882ZC
ABABZ7357ABAB,H9A1A9
ABABZ7357ABAB,H9A3C1
ABABZ7357ABAB,A0ZZ8Z
ABABZ7357ABAB,A10H29
ABABZ7357ABAB,A1Z33H
ABABZ7357ABAB,A28H02
ABABZ7357ABAB,A33890
ABABZ7357ABAB,A3C109
ABABZ7357ABAB,A3CH9A
ABABZ7357ABAB,A3C9HA
ABABZ7338Z8,AZ2C18
ABABZ7367M9,H8823A
ABABZ7367M9,H9H8C0
ABABZ7367M9,H9A29H
ABABZ7367M9,H9AC0A
ABABZ7367M9,ACH2Z1
ABABZ7339M3,AZ2C18
ABABZ735AB64,A0ZZ8Z
ABABZ73679AB,H83C3C
ABABZ73679AB,A20Z92
ABABZ73679AB,A338Z8
ABABZ73679AB,A338HC
ABABZ73679AB,ACZ029
ABABZ735AB74,A1C0AZ
ABABZ735568,A0ZZCZ
ABABZ735568,A0ZZA8
ABABZ735568,A1Z11H
ABABZ75796AB,H3Z32C
ABABZ759AB53,H83AHA
ABABZ759AB84,HC098H
ABABZ759AB84,HHC82Z
ABABZ759AB84,A1Z221
ABABZ759M44,H23CAC
ABABZ759M44,H2C8AC
ABABZ759M44,HHC8Z2
ABABZ759M44,HA2288
ABABZ759M44,H8Z99C
ABABZ759M44,H8821A
ABABZ759M44,A11A89
ABABZ759M44,A1Z1HA
ABABZ759M44,A1Z328
ABABZ759M44,A1Z3CH
ABABZ759M44,A28Z98
ABABZ759M44,A338H1
ABABZ759M44,A3C13H
ABABZ759M44,A3C2CC
ABABZ759M44,A3A3H1
ABABZ759M44,ACAHZZ
ABABZ759AB4Z,A3AC8C
ABABZ7647Z6,A0H132
ABABZ7647Z6,A23300
ABABZ7647Z6,A28H02
ABABZ7647Z6,A3389C
ABABZ7647Z6,A3CH9A
ABABZ7647Z6,A3C9HA
ABABZ7647Z6,AZ230C
ABABZ76533Z,H8A1C1
ABABZ76533Z,H8893Z
ABABZ76533Z,A20Z92
ABABZ76533Z,A3C0Z1
ABABZ76533Z,ACZ029
ABABZ76533Z,AZ0018
ABABZ764596,HH8982
ABABZ764596,A0ZZA8
ABABZ764596,A10H29
ABABZ764596,A1Z11H
ABABZ764596,A3CH9A
ABABZ763695,A3ZAH8
ABABZ763786,AZ3H3H
ABABZ765AB78,H29A12
ABABZ7677AB7,H901ZC
ABABZ7677AB7,H901ZC
ABABZ7677AB7,ACH313
ABABZ7677AB7,ACH313
ABABZ77Z389,H29A11
ABABZ77Z39Z,H29A11
ABABZ77Z39Z,H29A11
ABABZ77Z39Z,H29A11
ABABZ77Z39Z,H29A11
ABABZ77Z39Z,H29A11
ABABZ776555,HHH8H3
ABABZ776555,A3199C
ABABZ776555,A3202A
ABABZ774MM3,A030H3
ABABZ774MM3,A30Z19
ABABZ774MM3,A3CA0H
ABABZ78489M,HA2028
ABABZ78489M,A1HC12
ABABZ78489M,A28Z98
ABABZ78489M,A3C0Z1
ABABZ78489M,A3Z28Z
ABABZ7845M9,A1Z21H
ABABZ79MAB33,HAAHH8
ABABZ79ABM73,A3C209
ABABZ79M378,ACH1Z3
ABABZ79M379,ACH1Z3
ABABZ79MAB95,H9A1A9
ABABZ79MAB95,H9A3C1
ABABZ79MAB95,A1Z33H
ABABZ79MAB95,A3389C
ABABZ79MAB95,A3C109
ABABZ79MAB95,A3C28Z
ABABZ79MAB95,A3CH9A
ABABZ79MAB95,A3C9HA
ABABZ79MAB95,ACH1Z9
ABABZ79M374,ACH1Z3
ABABZ79Z568,AZCCAH
ABABZ79Z568,AZCCAH
ABABZ79MMMZ,H39A38
ABABZ79MMMZ,HA8ZCA
ABABZ79MMMZ,A28H2H
ABABZ79MMMZ,A3C0Z1
ABABZ79MMMZ,A3H933
ABABZ79MMMZ,A3AC02
ABABZ79MMMZ,A3890Z
ABABZ79MMMZ,ACZ029
ABABZ8Z989M,AZ2C39
ABABZ8Z9787,AZZCZ3
ABABZ8ABZZM9,H83C3C
ABABZ8ABZZM9,A1Z132
ABABZ8ABZZM9,A3C22H
ABABZ8ABZZM9,AZ1CZ9
ABABZ8ABZZM9,AZ2809
ABABZ8AB33MAB,A3C3C8
ABABZ8AB3AB56,AZ90H
ABABZ8AB3AB56,H83C3C
ABABZ8AB3AB56,H8CH1Z
ABABZ8AB3AB56,H88229
ABABZ8AB3AB56,A0ZZCA
ABABZ8AB3AB56,A0ZA2H
ABABZ8AB3AB56,A09089
ABABZ8AB3AB56,A1Z221
ABABZ8AB3AB56,A2HC02
ABABZ8AB3AB56,A3C13H
ABABZ8AB3AB56,A3C3ZZ
ABABZ8AB3AB56,A3C3ZH
ABABZ8AB3AB56,A389C2
ABABZ8AB3AB56,AC22H3
ABABZ8AB3AB56,ACAHZZ
ABABZ8AB594M,H989Z3
ABABZ8AB594M,A09101
ABABZ8AB594M,A20Z92
ABABZ8AB594M,A3C0Z1
ABABZ8AB594M,A3AC02
ABABZ8AB594M,ACAC81
ABABZ8AB576M,H39A38
ABABZ8AB576M,H811CZ
ABABZ8AB576M,H8380Z
ABABZ8AB576M,A0CAZ1
ABABZ8AB576M,A09101
ABABZ8AB576M,A20Z92
ABABZ8AB576M,A338HC
ABABZ8AB576M,A3C0Z1
ABABZ8AB576M,A3ACC9
ABABZ8AB576M,AZ0311
ABABZ8AB34Z3,A3C0Z1
ABABZ8AB34Z3,A3C10H
ABABZ8AB34Z3,A3A3H1
ABABZ8AB34Z3,A38HH0
ABABZ8AB34Z3,ACZHZH
ABABZ8AB3667,H9A3C1
ABABZ8AB3667,A0ZZA8
ABABZ8AB3667,A28H02
ABABZ8AB3667,A3C9HA
ABABZ8AB3667,AZ230C
ABABZ8AB3586,A0ZZCZ
ABABZ8AB3586,ACH1Z9
ABABZ8AB98Z3,H2C8HZ
ABABZ8AB98Z3,A1C911
ABABZ8AB98Z3,A1C92A
ABABZ8AB98Z3,A1C928
ABABZ8AB98Z3,A2993A
ABABZ8AB98Z3,A330H0
ABABZ8AB98Z3,A3382H
ABABZ8AB98Z3,AZ1C21
ABABZ8AB98Z3,AZ1C2C
ABABZ8AB98AB4,A1C928
ABABZ8AB98AB4,AZ1C21
ABABZ8AB98AB4,AZ1C2C
ABABZ8AB98AB4,AZ2809
ABABZ8AB98AB4,AZZC20
ABABZ8M387AB,H8C133
ABABZ8M387AB,A1Z080
ABABZ8M387AB,A3ZC01
ABABZ8M85ABM,H2C8A0
ABABZ84M37M,H83C3C
ABABZ84M37M,H88229
ABABZ84M37M,A0CC93
ABABZ84M37M,A0HC01
ABABZ84M37M,A09089
ABABZ84M37M,A389C2
ABABZ84M37M,ACC1ZC
ABABZ84MAB4AB,A0ZZCA
ABABZ84MAB4AB,A3C3C8
ABABZ84MAB4AB,A3ZC01
ABABZ84MAB4AB,AZ2809
ABABZ84MAB4AB,AZZC20
ABABZ84MZ37,A21C28
ABABZ84ZAB45,AZ0193
ABABZ84MZZM,A32121
ABABZ84M5M9,H23CA2
ABABZ84M5M9,H8Z99C
ABABZ84M5M9,A10Z23
ABABZ84M5M9,A338H1
ABABZ84M5M9,A33881
ABABZ84M5M9,A3C0Z1
ABABZ84M5M9,A3Z138
ABABZ84M5M9,A3Z28Z
ABABZ84M5M9,A3890Z
ABABZ84M5M9,ACZHZH
ABABZ84797M,H8A1C1
ABABZ84797M,ACC0H0
ABABZ8479AB5,H8380Z
ABABZ8479AB5,H8A1C1
ABABZ8479AB5,H8823A
ABABZ8479AB5,A28H2H
ABABZ8479AB5,A338HC
ABABZ8479AB5,A3H933
ABABZ85Z5MZ,A0ZZA8
ABABZ85Z336,A0ZZCZ
ABABZ85ZZABM,H882ZC
ABABZ85ZZABM,H9A3C1
ABABZ85ZZABM,A0ZZCZ
ABABZ85ZZABM,A0ZZA8
ABABZ85ZZABM,A10H29
ABABZ85ZZABM,A3389C
ABABZ85ZZMAB,H29HHH
ABABZ85ZZMAB,H9A1A9
ABABZ85ZZMAB,H9A3C1
ABABZ85ZZMAB,A3389C
ABABZ85ZZMAB,A3C109
ABABZ85Z349,A0ZZCZ
ABABZ85ZM94,AZ2C18
ABABZ85Z637,A0ZZA8
ABABZ85Z343,A0ZZCZ
ABABZ85Z3M9,A0ZZCZ
ABABZ85Z34M,A0ZZCZ
ABABZ85Z344,A0ZZCZ
ABABZ85Z335,A0ZZCZ
ABABZ85Z37Z,A0ZZCZ
ABABZ85Z36Z,A0ZZCZ
ABABZ85Z367,A0ZZCZ
ABABZ85ZZM4,A1Z11H
ABABZ85ZZM4,A2193H
ABABZ85ZAB84,AZ2938
ABABZ85Z355,A0ZZCZ
ABABZ85Z33M,A0ZZCZ
ABABZ85ZM85,AZ2C18
ABABZ85ZM8Z,AZ2C18
ABABZ85Z337,A0ZZCZ
ABABZ853M38,AC9A3A
ABABZ853M38,AC9AC1
ABABZ853M38,AC9AC2
ABABZ853M38,AC9ACH
ABABZ853M38,AC9AA8
ABABZ853M38,AC9A92
ABABZ85678Z,H2C8A3
ABABZ85678Z,A1Z081
ABABZ85678Z,A3C108
ABABZ87ABAB74,A0ZH83
ABABZ87ABAB74,A0ZH83
ABABZ87ABM69,H382CZ
ABABZ87ABM69,H39HZC
ABABZ87ABM69,H8C088
ABABZ87ABM69,H8ZZH9
ABABZ87ABM69,A0ZZCA
ABABZ87ABM69,A09089
ABABZ87ABM69,A1Z328
ABABZ87ABM69,A33881
ABABZ87ABM69,A3C13H
ABABZ87ABM69,A3ZC01
ABABZ87ABM69,A3A3H1
ABABZ87ABM69,A3A393
ABABZ87ABM69,A38HH0
ABABZ87ABM69,ACCC1H
ABABZ87ABM69,AZ1C23
ABABZ87AB3Z4,H8ZZH9
ABABZ87AB3Z4,A1Z080
ABABZ88MABAB4,HA8ZCA
ABABZ88MABAB4,H8380Z
ABABZ88MABAB4,H8893Z
ABABZ88MABAB4,H989Z3
ABABZ88MABAB4,A0019C
ABABZ88MABAB4,ACZ029
ABABZ88M9AB7,H8380Z
ABABZ88M9AB7,H989Z3
ABABZ88M9AB7,A3ACC9
ABABZ88M896,H8380Z
ABABZ88M896,H8A1C1
ABABZ88M896,H9AC0A
ABABZ88M896,A338HC
ABABZ88M896,A3C0Z1
ABABZ88M896,A3890Z
ABABZ8867AB7,A3A1ZC
ABABZ88974Z,A3CH9A
ABABZ8867Z4,H9A12H
ABABZ8898AB7,A0ZZCZ
ABABZ8898AB7,A3CH9A
ABABZ8898AB7,AZ230C
ABABZ8897MZ,AZ230C
ABABZ8865AB3,A30Z19
ABABZ889577,A082Z1
ABABZ8964M4,H39A38
ABABZ8964M4,HHZH31
ABABZ8964M4,H8823A
ABABZ8964M4,H8823A
ABABZ8964M4,A28H2H
ABABZ896436,H8893Z
ABABZ896436,A338Z8
ABABZ896436,A3H933
ABABZ9ZZ668,ZZAC23
ABABZ9ZZ668,HA90A3
ABABZ9ZZ668,H8ZZH9
ABABZ9ZZ668,A0HC01
ABABZ9ZZ668,A3ZC01
ABABZ9ZZ668,A3A393
ABABZ9ZZ668,A38HH0
ABABZ9ZZ668,AZ1CZ9
ABABZ9ZZ6AB8,H39H3Z
ABABZ9ZZ6AB8,H8Z99C
ABABZ9ZZ6AB8,A33A82
ABABZ9ZZ6AB8,A3Z28Z
ABABZ9ZZ6AB8,AZ2A33
ABABZ9ZZ8AB3,HHC82Z
ABABZ9ZZ8AB3,A1Z080
ABABZ9ZZ8AB3,A3C2CC
ABABZ9ZZ8AB3,A3A3H1
ABABZ9ZZ77M,H39908
ABABZ9ZZ77M,A1Z080
ABABZ9ZZ77M,ACZ299
ABABZ9ZZ77M,ACZ301
ABABZ9ZZ77M,ACZ303
ABABZ9ZZ77M,ACZ30Z
ABABZ9ZZ77M,ACZCZA
ABABZ9ZZ77M,ACZCZ9
ABABZ9ZZ77M,ACZCH1
ABABZ9ZZ77M,AZ1CA3
ABABZ9Z6M6Z,H39908
ABABZ9Z6M6Z,HHC8Z2
ABABZ9Z6M6Z,HA2288
ABABZ9Z6M6Z,H8ZZH9
ABABZ9Z6M6Z,A0ZZCA
ABABZ9Z6M6Z,A09089
ABABZ9Z6M6Z,A33910
ABABZ9Z6M6Z,A3ZC01
ABABZ9Z6M6Z,A3A393
ABABZ9Z6M6Z,ACC1ZC
ABABZ9Z6M6Z,AZ1C20
ABABZ9Z6M6Z,AZ1C23
ABABZ9Z6M6Z,AZ2CH0
ABABZ9ABZ355,H9H883
ABABZ93Z65Z,A0ZZA8
ABABZ93Z65Z,ACH1Z9
ABABZ93Z374,AZ230C
ABABZ93ABZ89,H29HHH
ABABZ93ABZ89,HH8982
ABABZ93ABZ89,A10H29
ABABZ93ABZ89,A33890
ABABZ93ABZ89,AZ230C
ABABZ93ABZ89,AZ2A03
ABABZ93ABMAB7,H8C1AC
ABABZ93ABMAB7,A3CH9A
ABABZ93ABMAB7,A3A3HA
ABABZ93ABMAB7,AZ2A03
ABABZ93ABZ4AB,AZ2CC1
ABABZ93M3Z3,H9H8C0
ABABZ936554,H8380Z
ABABZ936554,H8823A
ABABZ936554,A3C0Z1
ABABZ9369Z5,H39H3Z
ABABZ9369Z5,H8ZZH9
ABABZ9369Z5,A0HC01
ABABZ9369Z5,A1Z328
ABABZ9369Z5,A33908
ABABZ9369Z5,A3C3C8
ABABZ9369Z5,A3Z28Z
ABABZ9369Z5,AZ2CC1
ABABZ9365MM,H39A38
ABABZ9365MM,HA8ZCA
ABABZ9365MM,H8893Z
ABABZ9365MM,H9H8C0
ABABZ9365MM,H989Z3
ABABZ9365MM,A391HC
ABABZ93673M,H39908
ABABZ93673M,H8ZZH9
ABABZ93673M,A2HC02
ABABZ93673M,A3C13H
ABABZ93673M,A3A393
ABABZ93673M,ACC1ZC
ABABZ93673M,AZ2809
ABABZ936548,HHZH31
ABABZ936548,H8823A
ABABZ936548,H989Z3
ABABZ936548,A3890Z
ABABZ936548,ACH313
ABABZ936548,ACAC81
ABABZ936548,AC9A3A
ABABZ936548,AC9AC1
ABABZ936548,AC9AC2
ABABZ936548,AC9ACH
ABABZ936548,AC9AA8
ABABZ936548,AC9A92
